Edge ID <> Lane ID,Source,Destination,Length,Speed Limit,Road Type
-E0 <> -E0_0,AX10,BA0,2688.07,27.78,highway
-E0 <> -E0_1,AX10,BA0,2688.07,27.78,highway
-E0 <> -E0_2,AX10,BA0,2688.07,27.78,highway
-E1 <> -E1_0,AN10,AK0,2600.82,27.78,highway
-E1 <> -E1_1,AN10,AK0,2600.82,27.78,highway
-E1 <> -E1_2,AN10,AK0,2600.82,27.78,highway
-E2 <> -E2_0,J0,AK5,3927.63,27.78,highway
-E2 <> -E2_1,J0,AK5,3927.63,27.78,highway
-E2 <> -E2_2,J0,AK5,3927.63,27.78,highway
-E3 <> -E3_0,BA5,J0,4024.42,27.78,highway
-E3 <> -E3_1,BA5,J0,4024.42,27.78,highway
-E3 <> -E3_2,BA5,J0,4024.42,27.78,highway
-E4 <> -E4_0,AS10,J0,3727.83,27.78,highway
-E4 <> -E4_1,AS10,J0,3727.83,27.78,highway
-E4 <> -E4_2,AS10,J0,3727.83,27.78,highway
-E5 <> -E5_0,AX5,BF0,6331.85,27.78,highway
-E5 <> -E5_1,AX5,BF0,6331.85,27.78,highway
-E5 <> -E5_2,AX5,BF0,6331.85,27.78,highway
-E6 <> -E6_0,AF0,AN5,6243.88,27.78,highway
-E6 <> -E6_1,AF0,AN5,6243.88,27.78,highway
-E6 <> -E6_2,AF0,AN5,6243.88,27.78,highway
AA0AA1 <> AA0AA1_0,AA0,AA1,486.4,22.22,local road
AA0AA1 <> AA0AA1_1,AA0,AA1,486.4,22.22,local road
AA0AB0 <> AA0AB0_0,AA0,AB0,486.4,22.22,local road
AA0AB0 <> AA0AB0_1,AA0,AB0,486.4,22.22,local road
AA10AA9 <> AA10AA9_0,AA10,AA9,486.4,22.22,local road
AA10AA9 <> AA10AA9_1,AA10,AA9,486.4,22.22,local road
AA10AB10 <> AA10AB10_0,AA10,AB10,486.4,22.22,local road
AA10AB10 <> AA10AB10_1,AA10,AB10,486.4,22.22,local road
AA1AA0 <> AA1AA0_0,AA1,AA0,486.4,22.22,local road
AA1AA0 <> AA1AA0_1,AA1,AA0,486.4,22.22,local road
AA1AA2 <> AA1AA2_0,AA1,AA2,485.6,22.22,local road
AA1AA2 <> AA1AA2_1,AA1,AA2,485.6,22.22,local road
AA1AB1 <> AA1AB1_0,AA1,AB1,482.4,13.89,local road
AA2AA1 <> AA2AA1_0,AA2,AA1,485.6,22.22,local road
AA2AA1 <> AA2AA1_1,AA2,AA1,485.6,22.22,local road
AA2AA3 <> AA2AA3_0,AA2,AA3,485.6,22.22,local road
AA2AA3 <> AA2AA3_1,AA2,AA3,485.6,22.22,local road
AA2AB2 <> AA2AB2_0,AA2,AB2,482.4,13.89,local road
AA3AA2 <> AA3AA2_0,AA3,AA2,485.6,22.22,local road
AA3AA2 <> AA3AA2_1,AA3,AA2,485.6,22.22,local road
AA3AA4 <> AA3AA4_0,AA3,AA4,485.6,22.22,local road
AA3AA4 <> AA3AA4_1,AA3,AA4,485.6,22.22,local road
AA3AB3 <> AA3AB3_0,AA3,AB3,482.4,13.89,local road
AA4AA3 <> AA4AA3_0,AA4,AA3,485.6,22.22,local road
AA4AA3 <> AA4AA3_1,AA4,AA3,485.6,22.22,local road
AA4AA5 <> AA4AA5_0,AA4,AA5,482.4,22.22,local road
AA4AA5 <> AA4AA5_1,AA4,AA5,482.4,22.22,local road
AA4AB4 <> AA4AB4_0,AA4,AB4,482.4,13.89,local road
AA5AA4 <> AA5AA4_0,AA5,AA4,482.4,22.22,local road
AA5AA4 <> AA5AA4_1,AA5,AA4,482.4,22.22,local road
AA5AA6 <> AA5AA6_0,AA5,AA6,482.4,22.22,local road
AA5AA6 <> AA5AA6_1,AA5,AA6,482.4,22.22,local road
AA5AB5 <> AA5AB5_0,AA5,AB5,482.4,22.22,local road
AA5AB5 <> AA5AB5_1,AA5,AB5,482.4,22.22,local road
AA6AA5 <> AA6AA5_0,AA6,AA5,482.4,22.22,local road
AA6AA5 <> AA6AA5_1,AA6,AA5,482.4,22.22,local road
AA6AA7 <> AA6AA7_0,AA6,AA7,485.6,22.22,local road
AA6AA7 <> AA6AA7_1,AA6,AA7,485.6,22.22,local road
AA6AB6 <> AA6AB6_0,AA6,AB6,482.4,13.89,local road
AA7AA6 <> AA7AA6_0,AA7,AA6,485.6,22.22,local road
AA7AA6 <> AA7AA6_1,AA7,AA6,485.6,22.22,local road
AA7AA8 <> AA7AA8_0,AA7,AA8,485.6,22.22,local road
AA7AA8 <> AA7AA8_1,AA7,AA8,485.6,22.22,local road
AA7AB7 <> AA7AB7_0,AA7,AB7,482.4,13.89,local road
AA8AA7 <> AA8AA7_0,AA8,AA7,485.6,22.22,local road
AA8AA7 <> AA8AA7_1,AA8,AA7,485.6,22.22,local road
AA8AA9 <> AA8AA9_0,AA8,AA9,485.6,22.22,local road
AA8AA9 <> AA8AA9_1,AA8,AA9,485.6,22.22,local road
AA8AB8 <> AA8AB8_0,AA8,AB8,482.4,13.89,local road
AA9AA10 <> AA9AA10_0,AA9,AA10,486.4,22.22,local road
AA9AA10 <> AA9AA10_1,AA9,AA10,486.4,22.22,local road
AA9AA8 <> AA9AA8_0,AA9,AA8,485.6,22.22,local road
AA9AA8 <> AA9AA8_1,AA9,AA8,485.6,22.22,local road
AA9AB9 <> AA9AB9_0,AA9,AB9,482.4,13.89,local road
AB0AA0 <> AB0AA0_0,AB0,AA0,486.4,22.22,local road
AB0AA0 <> AB0AA0_1,AB0,AA0,486.4,22.22,local road
AB0AB1 <> AB0AB1_0,AB0,AB1,482.4,13.89,local road
AB0AC0 <> AB0AC0_0,AB0,AC0,485.6,22.22,local road
AB0AC0 <> AB0AC0_1,AB0,AC0,485.6,22.22,local road
AB10AA10 <> AB10AA10_0,AB10,AA10,486.4,22.22,local road
AB10AA10 <> AB10AA10_1,AB10,AA10,486.4,22.22,local road
AB10AB9 <> AB10AB9_0,AB10,AB9,482.4,13.89,local road
AB10AC10 <> AB10AC10_0,AB10,AC10,485.6,22.22,local road
AB10AC10 <> AB10AC10_1,AB10,AC10,485.6,22.22,local road
AB1AA1 <> AB1AA1_0,AB1,AA1,482.4,13.89,local road
AB1AB0 <> AB1AB0_0,AB1,AB0,482.4,13.89,local road
AB1AB2 <> AB1AB2_0,AB1,AB2,485.6,13.89,local road
AB1AC1 <> AB1AC1_0,AB1,AC1,485.6,13.89,local road
AB2AA2 <> AB2AA2_0,AB2,AA2,482.4,13.89,local road
AB2AB1 <> AB2AB1_0,AB2,AB1,485.6,13.89,local road
AB2AB3 <> AB2AB3_0,AB2,AB3,485.6,13.89,local road
AB3AA3 <> AB3AA3_0,AB3,AA3,482.4,13.89,local road
AB3AB2 <> AB3AB2_0,AB3,AB2,485.6,13.89,local road
AB3AB4 <> AB3AB4_0,AB3,AB4,485.6,13.89,local road
AB3AC3 <> AB3AC3_0,AB3,AC3,485.6,13.89,local road
AB4AA4 <> AB4AA4_0,AB4,AA4,482.4,13.89,local road
AB4AB3 <> AB4AB3_0,AB4,AB3,485.6,13.89,local road
AB4AB5 <> AB4AB5_0,AB4,AB5,482.4,13.89,local road
AB4AC4 <> AB4AC4_0,AB4,AC4,485.6,13.89,local road
AB5AA5 <> AB5AA5_0,AB5,AA5,482.4,22.22,local road
AB5AA5 <> AB5AA5_1,AB5,AA5,482.4,22.22,local road
AB5AB4 <> AB5AB4_0,AB5,AB4,482.4,13.89,local road
AB5AB6 <> AB5AB6_0,AB5,AB6,482.4,13.89,local road
AB5AC5 <> AB5AC5_0,AB5,AC5,485.6,22.22,local road
AB5AC5 <> AB5AC5_1,AB5,AC5,485.6,22.22,local road
AB6AA6 <> AB6AA6_0,AB6,AA6,482.4,13.89,local road
AB6AB5 <> AB6AB5_0,AB6,AB5,482.4,13.89,local road
AB6AB7 <> AB6AB7_0,AB6,AB7,485.6,13.89,local road
AB6AC6 <> AB6AC6_0,AB6,AC6,485.6,13.89,local road
AB7AA7 <> AB7AA7_0,AB7,AA7,482.4,13.89,local road
AB7AB6 <> AB7AB6_0,AB7,AB6,485.6,13.89,local road
AB7AB8 <> AB7AB8_0,AB7,AB8,485.6,13.89,local road
AB7AC7 <> AB7AC7_0,AB7,AC7,485.6,13.89,local road
AB8AA8 <> AB8AA8_0,AB8,AA8,482.4,13.89,local road
AB8AB7 <> AB8AB7_0,AB8,AB7,485.6,13.89,local road
AB8AB9 <> AB8AB9_0,AB8,AB9,485.6,13.89,local road
AB9AA9 <> AB9AA9_0,AB9,AA9,482.4,13.89,local road
AB9AB10 <> AB9AB10_0,AB9,AB10,482.4,13.89,local road
AB9AB8 <> AB9AB8_0,AB9,AB8,485.6,13.89,local road
AB9AC9 <> AB9AC9_0,AB9,AC9,485.6,13.89,local road
AC0AB0 <> AC0AB0_0,AC0,AB0,485.6,22.22,local road
AC0AB0 <> AC0AB0_1,AC0,AB0,485.6,22.22,local road
AC0AC1 <> AC0AC1_0,AC0,AC1,482.4,13.89,local road
AC0AD0 <> AC0AD0_0,AC0,AD0,485.6,22.22,local road
AC0AD0 <> AC0AD0_1,AC0,AD0,485.6,22.22,local road
AC10AB10 <> AC10AB10_0,AC10,AB10,485.6,22.22,local road
AC10AB10 <> AC10AB10_1,AC10,AB10,485.6,22.22,local road
AC10AC9 <> AC10AC9_0,AC10,AC9,482.4,13.89,local road
AC10AD10 <> AC10AD10_0,AC10,AD10,485.6,22.22,local road
AC10AD10 <> AC10AD10_1,AC10,AD10,485.6,22.22,local road
AC1AB1 <> AC1AB1_0,AC1,AB1,485.6,13.89,local road
AC1AC0 <> AC1AC0_0,AC1,AC0,482.4,13.89,local road
AC1AC2 <> AC1AC2_0,AC1,AC2,485.6,13.89,local road
AC1AD1 <> AC1AD1_0,AC1,AD1,485.6,13.89,local road
AC2AC1 <> AC2AC1_0,AC2,AC1,485.6,13.89,local road
AC2AC3 <> AC2AC3_0,AC2,AC3,485.6,13.89,local road
AC2AD2 <> AC2AD2_0,AC2,AD2,485.6,13.89,local road
AC3AB3 <> AC3AB3_0,AC3,AB3,485.6,13.89,local road
AC3AC2 <> AC3AC2_0,AC3,AC2,485.6,13.89,local road
AC3AC4 <> AC3AC4_0,AC3,AC4,485.6,13.89,local road
AC3AD3 <> AC3AD3_0,AC3,AD3,485.6,13.89,local road
AC4AB4 <> AC4AB4_0,AC4,AB4,485.6,13.89,local road
AC4AC3 <> AC4AC3_0,AC4,AC3,485.6,13.89,local road
AC4AC5 <> AC4AC5_0,AC4,AC5,482.4,13.89,local road
AC4AD4 <> AC4AD4_0,AC4,AD4,485.6,13.89,local road
AC5AB5 <> AC5AB5_0,AC5,AB5,485.6,22.22,local road
AC5AB5 <> AC5AB5_1,AC5,AB5,485.6,22.22,local road
AC5AC4 <> AC5AC4_0,AC5,AC4,482.4,13.89,local road
AC5AC6 <> AC5AC6_0,AC5,AC6,482.4,13.89,local road
AC5AD5 <> AC5AD5_0,AC5,AD5,485.6,22.22,local road
AC5AD5 <> AC5AD5_1,AC5,AD5,485.6,22.22,local road
AC6AB6 <> AC6AB6_0,AC6,AB6,485.6,13.89,local road
AC6AC5 <> AC6AC5_0,AC6,AC5,482.4,13.89,local road
AC6AC7 <> AC6AC7_0,AC6,AC7,485.6,13.89,local road
AC6AD6 <> AC6AD6_0,AC6,AD6,485.6,13.89,local road
AC7AB7 <> AC7AB7_0,AC7,AB7,485.6,13.89,local road
AC7AC6 <> AC7AC6_0,AC7,AC6,485.6,13.89,local road
AC7AC8 <> AC7AC8_0,AC7,AC8,485.6,13.89,local road
AC7AD7 <> AC7AD7_0,AC7,AD7,485.6,13.89,local road
AC8AC7 <> AC8AC7_0,AC8,AC7,485.6,13.89,local road
AC8AC9 <> AC8AC9_0,AC8,AC9,485.6,13.89,local road
AC8AD8 <> AC8AD8_0,AC8,AD8,485.6,13.89,local road
AC9AB9 <> AC9AB9_0,AC9,AB9,485.6,13.89,local road
AC9AC10 <> AC9AC10_0,AC9,AC10,482.4,13.89,local road
AC9AC8 <> AC9AC8_0,AC9,AC8,485.6,13.89,local road
AC9AD9 <> AC9AD9_0,AC9,AD9,485.6,13.89,local road
AD0AC0 <> AD0AC0_0,AD0,AC0,485.6,22.22,local road
AD0AC0 <> AD0AC0_1,AD0,AC0,485.6,22.22,local road
AD0AD1 <> AD0AD1_0,AD0,AD1,482.4,13.89,local road
AD0AE0 <> AD0AE0_0,AD0,AE0,485.6,22.22,local road
AD0AE0 <> AD0AE0_1,AD0,AE0,485.6,22.22,local road
AD10AC10 <> AD10AC10_0,AD10,AC10,485.6,22.22,local road
AD10AC10 <> AD10AC10_1,AD10,AC10,485.6,22.22,local road
AD10AD9 <> AD10AD9_0,AD10,AD9,482.4,13.89,local road
AD10AE10 <> AD10AE10_0,AD10,AE10,485.6,22.22,local road
AD10AE10 <> AD10AE10_1,AD10,AE10,485.6,22.22,local road
AD1AC1 <> AD1AC1_0,AD1,AC1,485.6,13.89,local road
AD1AD0 <> AD1AD0_0,AD1,AD0,482.4,13.89,local road
AD1AD2 <> AD1AD2_0,AD1,AD2,485.6,13.89,local road
AD1AE1 <> AD1AE1_0,AD1,AE1,485.6,13.89,local road
AD2AC2 <> AD2AC2_0,AD2,AC2,485.6,13.89,local road
AD2AD1 <> AD2AD1_0,AD2,AD1,485.6,13.89,local road
AD2AD3 <> AD2AD3_0,AD2,AD3,485.6,13.89,local road
AD2AE2 <> AD2AE2_0,AD2,AE2,485.6,13.89,local road
AD3AC3 <> AD3AC3_0,AD3,AC3,485.6,13.89,local road
AD3AD2 <> AD3AD2_0,AD3,AD2,485.6,13.89,local road
AD3AD4 <> AD3AD4_0,AD3,AD4,485.6,13.89,local road
AD3AE3 <> AD3AE3_0,AD3,AE3,485.6,13.89,local road
AD4AC4 <> AD4AC4_0,AD4,AC4,485.6,13.89,local road
AD4AD3 <> AD4AD3_0,AD4,AD3,485.6,13.89,local road
AD4AD5 <> AD4AD5_0,AD4,AD5,482.4,13.89,local road
AD4AE4 <> AD4AE4_0,AD4,AE4,485.6,13.89,local road
AD5AC5 <> AD5AC5_0,AD5,AC5,485.6,22.22,local road
AD5AC5 <> AD5AC5_1,AD5,AC5,485.6,22.22,local road
AD5AD4 <> AD5AD4_0,AD5,AD4,482.4,13.89,local road
AD5AD6 <> AD5AD6_0,AD5,AD6,482.4,13.89,local road
AD5AE5 <> AD5AE5_0,AD5,AE5,485.6,22.22,local road
AD5AE5 <> AD5AE5_1,AD5,AE5,485.6,22.22,local road
AD6AC6 <> AD6AC6_0,AD6,AC6,485.6,13.89,local road
AD6AD5 <> AD6AD5_0,AD6,AD5,482.4,13.89,local road
AD6AD7 <> AD6AD7_0,AD6,AD7,485.6,13.89,local road
AD6AE6 <> AD6AE6_0,AD6,AE6,485.6,13.89,local road
AD7AC7 <> AD7AC7_0,AD7,AC7,485.6,13.89,local road
AD7AD6 <> AD7AD6_0,AD7,AD6,485.6,13.89,local road
AD7AD8 <> AD7AD8_0,AD7,AD8,485.6,13.89,local road
AD7AE7 <> AD7AE7_0,AD7,AE7,485.6,13.89,local road
AD8AC8 <> AD8AC8_0,AD8,AC8,485.6,13.89,local road
AD8AD7 <> AD8AD7_0,AD8,AD7,485.6,13.89,local road
AD8AD9 <> AD8AD9_0,AD8,AD9,485.6,13.89,local road
AD8AE8 <> AD8AE8_0,AD8,AE8,485.6,13.89,local road
AD9AC9 <> AD9AC9_0,AD9,AC9,485.6,13.89,local road
AD9AD10 <> AD9AD10_0,AD9,AD10,482.4,13.89,local road
AD9AD8 <> AD9AD8_0,AD9,AD8,485.6,13.89,local road
AD9AE9 <> AD9AE9_0,AD9,AE9,485.6,13.89,local road
AE0AD0 <> AE0AD0_0,AE0,AD0,485.6,22.22,local road
AE0AD0 <> AE0AD0_1,AE0,AD0,485.6,22.22,local road
AE0AE1 <> AE0AE1_0,AE0,AE1,482.4,13.89,local road
AE0AF0 <> AE0AF0_0,AE0,AF0,479.3,22.22,local road
AE0AF0 <> AE0AF0_1,AE0,AF0,479.3,22.22,local road
AE10AD10 <> AE10AD10_0,AE10,AD10,485.6,22.22,local road
AE10AD10 <> AE10AD10_1,AE10,AD10,485.6,22.22,local road
AE10AE9 <> AE10AE9_0,AE10,AE9,482.4,13.89,local road
AE10AF10 <> AE10AF10_0,AE10,AF10,482.4,22.22,local road
AE10AF10 <> AE10AF10_1,AE10,AF10,482.4,22.22,local road
AE1AD1 <> AE1AD1_0,AE1,AD1,485.6,13.89,local road
AE1AE0 <> AE1AE0_0,AE1,AE0,482.4,13.89,local road
AE1AE2 <> AE1AE2_0,AE1,AE2,485.6,13.89,local road
AE1AF1 <> AE1AF1_0,AE1,AF1,482.4,13.89,local road
AE2AD2 <> AE2AD2_0,AE2,AD2,485.6,13.89,local road
AE2AE1 <> AE2AE1_0,AE2,AE1,485.6,13.89,local road
AE2AE3 <> AE2AE3_0,AE2,AE3,485.6,13.89,local road
AE2AF2 <> AE2AF2_0,AE2,AF2,482.4,13.89,local road
AE3AD3 <> AE3AD3_0,AE3,AD3,485.6,13.89,local road
AE3AE2 <> AE3AE2_0,AE3,AE2,485.6,13.89,local road
AE3AE4 <> AE3AE4_0,AE3,AE4,485.6,13.89,local road
AE3AF3 <> AE3AF3_0,AE3,AF3,482.4,13.89,local road
AE4AD4 <> AE4AD4_0,AE4,AD4,485.6,13.89,local road
AE4AE3 <> AE4AE3_0,AE4,AE3,485.6,13.89,local road
AE4AE5 <> AE4AE5_0,AE4,AE5,482.4,13.89,local road
AE4AF4 <> AE4AF4_0,AE4,AF4,482.4,13.89,local road
AE5AD5 <> AE5AD5_0,AE5,AD5,485.6,22.22,local road
AE5AD5 <> AE5AD5_1,AE5,AD5,485.6,22.22,local road
AE5AE4 <> AE5AE4_0,AE5,AE4,482.4,13.89,local road
AE5AE6 <> AE5AE6_0,AE5,AE6,482.4,13.89,local road
AE5AF5 <> AE5AF5_0,AE5,AF5,482.4,22.22,local road
AE5AF5 <> AE5AF5_1,AE5,AF5,482.4,22.22,local road
AE6AD6 <> AE6AD6_0,AE6,AD6,485.6,13.89,local road
AE6AE5 <> AE6AE5_0,AE6,AE5,482.4,13.89,local road
AE6AE7 <> AE6AE7_0,AE6,AE7,485.6,13.89,local road
AE6AF6 <> AE6AF6_0,AE6,AF6,482.4,13.89,local road
AE7AD7 <> AE7AD7_0,AE7,AD7,485.6,13.89,local road
AE7AE6 <> AE7AE6_0,AE7,AE6,485.6,13.89,local road
AE7AE8 <> AE7AE8_0,AE7,AE8,485.6,13.89,local road
AE7AF7 <> AE7AF7_0,AE7,AF7,482.4,13.89,local road
AE8AD8 <> AE8AD8_0,AE8,AD8,485.6,13.89,local road
AE8AE7 <> AE8AE7_0,AE8,AE7,485.6,13.89,local road
AE8AE9 <> AE8AE9_0,AE8,AE9,485.6,13.89,local road
AE8AF8 <> AE8AF8_0,AE8,AF8,482.4,13.89,local road
AE9AD9 <> AE9AD9_0,AE9,AD9,485.6,13.89,local road
AE9AE10 <> AE9AE10_0,AE9,AE10,482.4,13.89,local road
AE9AE8 <> AE9AE8_0,AE9,AE8,485.6,13.89,local road
AE9AF9 <> AE9AF9_0,AE9,AF9,482.4,13.89,local road
AF0AE0 <> AF0AE0_0,AF0,AE0,479.3,22.22,local road
AF0AE0 <> AF0AE0_1,AF0,AE0,479.3,22.22,local road
AF0AF1 <> AF0AF1_0,AF0,AF1,482.4,22.22,local road
AF0AF1 <> AF0AF1_1,AF0,AF1,482.4,22.22,local road
AF0AG0 <> AF0AG0_0,AF0,AG0,479.1,22.22,local road
AF0AG0 <> AF0AG0_1,AF0,AG0,479.1,22.22,local road
AF10AE10 <> AF10AE10_0,AF10,AE10,482.4,22.22,local road
AF10AE10 <> AF10AE10_1,AF10,AE10,482.4,22.22,local road
AF10AF9 <> AF10AF9_0,AF10,AF9,482.4,22.22,local road
AF10AF9 <> AF10AF9_1,AF10,AF9,482.4,22.22,local road
AF10AG10 <> AF10AG10_0,AF10,AG10,482.4,22.22,local road
AF10AG10 <> AF10AG10_1,AF10,AG10,482.4,22.22,local road
AF1AE1 <> AF1AE1_0,AF1,AE1,482.4,13.89,local road
AF1AF0 <> AF1AF0_0,AF1,AF0,482.4,22.22,local road
AF1AF0 <> AF1AF0_1,AF1,AF0,482.4,22.22,local road
AF1AF2 <> AF1AF2_0,AF1,AF2,485.6,22.22,local road
AF1AF2 <> AF1AF2_1,AF1,AF2,485.6,22.22,local road
AF1AG1 <> AF1AG1_0,AF1,AG1,482.4,13.89,local road
AF2AE2 <> AF2AE2_0,AF2,AE2,482.4,13.89,local road
AF2AF1 <> AF2AF1_0,AF2,AF1,485.6,22.22,local road
AF2AF1 <> AF2AF1_1,AF2,AF1,485.6,22.22,local road
AF2AF3 <> AF2AF3_0,AF2,AF3,485.6,22.22,local road
AF2AF3 <> AF2AF3_1,AF2,AF3,485.6,22.22,local road
AF2AG2 <> AF2AG2_0,AF2,AG2,482.4,13.89,local road
AF3AE3 <> AF3AE3_0,AF3,AE3,482.4,13.89,local road
AF3AF2 <> AF3AF2_0,AF3,AF2,485.6,22.22,local road
AF3AF2 <> AF3AF2_1,AF3,AF2,485.6,22.22,local road
AF3AF4 <> AF3AF4_0,AF3,AF4,485.6,22.22,local road
AF3AF4 <> AF3AF4_1,AF3,AF4,485.6,22.22,local road
AF3AG3 <> AF3AG3_0,AF3,AG3,482.4,13.89,local road
AF4AE4 <> AF4AE4_0,AF4,AE4,482.4,13.89,local road
AF4AF3 <> AF4AF3_0,AF4,AF3,485.6,22.22,local road
AF4AF3 <> AF4AF3_1,AF4,AF3,485.6,22.22,local road
AF4AF5 <> AF4AF5_0,AF4,AF5,482.4,22.22,local road
AF4AF5 <> AF4AF5_1,AF4,AF5,482.4,22.22,local road
AF4AG4 <> AF4AG4_0,AF4,AG4,482.4,13.89,local road
AF5AE5 <> AF5AE5_0,AF5,AE5,482.4,22.22,local road
AF5AE5 <> AF5AE5_1,AF5,AE5,482.4,22.22,local road
AF5AF4 <> AF5AF4_0,AF5,AF4,482.4,22.22,local road
AF5AF4 <> AF5AF4_1,AF5,AF4,482.4,22.22,local road
AF5AF6 <> AF5AF6_0,AF5,AF6,482.4,22.22,local road
AF5AF6 <> AF5AF6_1,AF5,AF6,482.4,22.22,local road
AF5AG5 <> AF5AG5_0,AF5,AG5,482.4,22.22,local road
AF5AG5 <> AF5AG5_1,AF5,AG5,482.4,22.22,local road
AF6AE6 <> AF6AE6_0,AF6,AE6,482.4,13.89,local road
AF6AF5 <> AF6AF5_0,AF6,AF5,482.4,22.22,local road
AF6AF5 <> AF6AF5_1,AF6,AF5,482.4,22.22,local road
AF6AF7 <> AF6AF7_0,AF6,AF7,485.6,22.22,local road
AF6AF7 <> AF6AF7_1,AF6,AF7,485.6,22.22,local road
AF6AG6 <> AF6AG6_0,AF6,AG6,482.4,13.89,local road
AF7AE7 <> AF7AE7_0,AF7,AE7,482.4,13.89,local road
AF7AF6 <> AF7AF6_0,AF7,AF6,485.6,22.22,local road
AF7AF6 <> AF7AF6_1,AF7,AF6,485.6,22.22,local road
AF7AF8 <> AF7AF8_0,AF7,AF8,485.6,22.22,local road
AF7AF8 <> AF7AF8_1,AF7,AF8,485.6,22.22,local road
AF7AG7 <> AF7AG7_0,AF7,AG7,482.4,13.89,local road
AF8AE8 <> AF8AE8_0,AF8,AE8,482.4,13.89,local road
AF8AF7 <> AF8AF7_0,AF8,AF7,485.6,22.22,local road
AF8AF7 <> AF8AF7_1,AF8,AF7,485.6,22.22,local road
AF8AF9 <> AF8AF9_0,AF8,AF9,485.6,22.22,local road
AF8AF9 <> AF8AF9_1,AF8,AF9,485.6,22.22,local road
AF8AG8 <> AF8AG8_0,AF8,AG8,482.4,13.89,local road
AF9AE9 <> AF9AE9_0,AF9,AE9,482.4,13.89,local road
AF9AF10 <> AF9AF10_0,AF9,AF10,482.4,22.22,local road
AF9AF10 <> AF9AF10_1,AF9,AF10,482.4,22.22,local road
AF9AF8 <> AF9AF8_0,AF9,AF8,485.6,22.22,local road
AF9AF8 <> AF9AF8_1,AF9,AF8,485.6,22.22,local road
AF9AG9 <> AF9AG9_0,AF9,AG9,482.4,13.89,local road
AG0AF0 <> AG0AF0_0,AG0,AF0,479.1,22.22,local road
AG0AF0 <> AG0AF0_1,AG0,AF0,479.1,22.22,local road
AG0AG1 <> AG0AG1_0,AG0,AG1,482.4,13.89,local road
AG0AH0 <> AG0AH0_0,AG0,AH0,485.6,22.22,local road
AG0AH0 <> AG0AH0_1,AG0,AH0,485.6,22.22,local road
AG10AF10 <> AG10AF10_0,AG10,AF10,482.4,22.22,local road
AG10AF10 <> AG10AF10_1,AG10,AF10,482.4,22.22,local road
AG10AG9 <> AG10AG9_0,AG10,AG9,482.4,13.89,local road
AG10AH10 <> AG10AH10_0,AG10,AH10,485.6,22.22,local road
AG10AH10 <> AG10AH10_1,AG10,AH10,485.6,22.22,local road
AG1AF1 <> AG1AF1_0,AG1,AF1,482.4,13.89,local road
AG1AG0 <> AG1AG0_0,AG1,AG0,482.4,13.89,local road
AG1AG2 <> AG1AG2_0,AG1,AG2,485.6,13.89,local road
AG1AH1 <> AG1AH1_0,AG1,AH1,485.6,13.89,local road
AG2AF2 <> AG2AF2_0,AG2,AF2,482.4,13.89,local road
AG2AG1 <> AG2AG1_0,AG2,AG1,485.6,13.89,local road
AG2AG3 <> AG2AG3_0,AG2,AG3,485.6,13.89,local road
AG2AH2 <> AG2AH2_0,AG2,AH2,485.6,13.89,local road
AG3AF3 <> AG3AF3_0,AG3,AF3,482.4,13.89,local road
AG3AG2 <> AG3AG2_0,AG3,AG2,485.6,13.89,local road
AG3AG4 <> AG3AG4_0,AG3,AG4,485.6,13.89,local road
AG3AH3 <> AG3AH3_0,AG3,AH3,485.6,13.89,local road
AG4AF4 <> AG4AF4_0,AG4,AF4,482.4,13.89,local road
AG4AG3 <> AG4AG3_0,AG4,AG3,485.6,13.89,local road
AG4AG5 <> AG4AG5_0,AG4,AG5,482.4,13.89,local road
AG4AH4 <> AG4AH4_0,AG4,AH4,485.6,13.89,local road
AG5AF5 <> AG5AF5_0,AG5,AF5,482.4,22.22,local road
AG5AF5 <> AG5AF5_1,AG5,AF5,482.4,22.22,local road
AG5AG4 <> AG5AG4_0,AG5,AG4,482.4,13.89,local road
AG5AG6 <> AG5AG6_0,AG5,AG6,482.4,13.89,local road
AG5AH5 <> AG5AH5_0,AG5,AH5,485.6,22.22,local road
AG5AH5 <> AG5AH5_1,AG5,AH5,485.6,22.22,local road
AG6AF6 <> AG6AF6_0,AG6,AF6,482.4,13.89,local road
AG6AG5 <> AG6AG5_0,AG6,AG5,482.4,13.89,local road
AG6AG7 <> AG6AG7_0,AG6,AG7,485.6,13.89,local road
AG6AH6 <> AG6AH6_0,AG6,AH6,485.6,13.89,local road
AG7AF7 <> AG7AF7_0,AG7,AF7,482.4,13.89,local road
AG7AG6 <> AG7AG6_0,AG7,AG6,485.6,13.89,local road
AG7AG8 <> AG7AG8_0,AG7,AG8,485.6,13.89,local road
AG7AH7 <> AG7AH7_0,AG7,AH7,485.6,13.89,local road
AG8AF8 <> AG8AF8_0,AG8,AF8,482.4,13.89,local road
AG8AG7 <> AG8AG7_0,AG8,AG7,485.6,13.89,local road
AG8AG9 <> AG8AG9_0,AG8,AG9,485.6,13.89,local road
AG8AH8 <> AG8AH8_0,AG8,AH8,485.6,13.89,local road
AG9AF9 <> AG9AF9_0,AG9,AF9,482.4,13.89,local road
AG9AG10 <> AG9AG10_0,AG9,AG10,482.4,13.89,local road
AG9AG8 <> AG9AG8_0,AG9,AG8,485.6,13.89,local road
AG9AH9 <> AG9AH9_0,AG9,AH9,485.6,13.89,local road
AH0AG0 <> AH0AG0_0,AH0,AG0,485.6,22.22,local road
AH0AG0 <> AH0AG0_1,AH0,AG0,485.6,22.22,local road
AH0AH1 <> AH0AH1_0,AH0,AH1,482.4,13.89,local road
AH0AI0 <> AH0AI0_0,AH0,AI0,485.6,22.22,local road
AH0AI0 <> AH0AI0_1,AH0,AI0,485.6,22.22,local road
AH10AG10 <> AH10AG10_0,AH10,AG10,485.6,22.22,local road
AH10AG10 <> AH10AG10_1,AH10,AG10,485.6,22.22,local road
AH10AH9 <> AH10AH9_0,AH10,AH9,482.4,13.89,local road
AH10AI10 <> AH10AI10_0,AH10,AI10,485.6,22.22,local road
AH10AI10 <> AH10AI10_1,AH10,AI10,485.6,22.22,local road
AH1AG1 <> AH1AG1_0,AH1,AG1,485.6,13.89,local road
AH1AH0 <> AH1AH0_0,AH1,AH0,482.4,13.89,local road
AH1AH2 <> AH1AH2_0,AH1,AH2,485.6,13.89,local road
AH1AI1 <> AH1AI1_0,AH1,AI1,485.6,13.89,local road
AH2AG2 <> AH2AG2_0,AH2,AG2,485.6,13.89,local road
AH2AH1 <> AH2AH1_0,AH2,AH1,485.6,13.89,local road
AH2AH3 <> AH2AH3_0,AH2,AH3,485.6,13.89,local road
AH2AI2 <> AH2AI2_0,AH2,AI2,485.6,13.89,local road
AH3AG3 <> AH3AG3_0,AH3,AG3,485.6,13.89,local road
AH3AH2 <> AH3AH2_0,AH3,AH2,485.6,13.89,local road
AH3AH4 <> AH3AH4_0,AH3,AH4,485.6,13.89,local road
AH3AI3 <> AH3AI3_0,AH3,AI3,485.6,13.89,local road
AH4AG4 <> AH4AG4_0,AH4,AG4,485.6,13.89,local road
AH4AH3 <> AH4AH3_0,AH4,AH3,485.6,13.89,local road
AH4AH5 <> AH4AH5_0,AH4,AH5,482.4,13.89,local road
AH4AI4 <> AH4AI4_0,AH4,AI4,485.6,13.89,local road
AH5AG5 <> AH5AG5_0,AH5,AG5,485.6,22.22,local road
AH5AG5 <> AH5AG5_1,AH5,AG5,485.6,22.22,local road
AH5AH4 <> AH5AH4_0,AH5,AH4,482.4,13.89,local road
AH5AH6 <> AH5AH6_0,AH5,AH6,482.4,13.89,local road
AH5AI5 <> AH5AI5_0,AH5,AI5,485.6,22.22,local road
AH5AI5 <> AH5AI5_1,AH5,AI5,485.6,22.22,local road
AH6AG6 <> AH6AG6_0,AH6,AG6,485.6,13.89,local road
AH6AH5 <> AH6AH5_0,AH6,AH5,482.4,13.89,local road
AH6AH7 <> AH6AH7_0,AH6,AH7,485.6,13.89,local road
AH6AI6 <> AH6AI6_0,AH6,AI6,485.6,13.89,local road
AH7AG7 <> AH7AG7_0,AH7,AG7,485.6,13.89,local road
AH7AH6 <> AH7AH6_0,AH7,AH6,485.6,13.89,local road
AH7AH8 <> AH7AH8_0,AH7,AH8,485.6,13.89,local road
AH7AI7 <> AH7AI7_0,AH7,AI7,485.6,13.89,local road
AH8AG8 <> AH8AG8_0,AH8,AG8,485.6,13.89,local road
AH8AH7 <> AH8AH7_0,AH8,AH7,485.6,13.89,local road
AH8AH9 <> AH8AH9_0,AH8,AH9,485.6,13.89,local road
AH8AI8 <> AH8AI8_0,AH8,AI8,485.6,13.89,local road
AH9AG9 <> AH9AG9_0,AH9,AG9,485.6,13.89,local road
AH9AH10 <> AH9AH10_0,AH9,AH10,482.4,13.89,local road
AH9AH8 <> AH9AH8_0,AH9,AH8,485.6,13.89,local road
AH9AI9 <> AH9AI9_0,AH9,AI9,485.6,13.89,local road
AI0AH0 <> AI0AH0_0,AI0,AH0,485.6,22.22,local road
AI0AH0 <> AI0AH0_1,AI0,AH0,485.6,22.22,local road
AI0AI1 <> AI0AI1_0,AI0,AI1,482.4,13.89,local road
AI0AJ0 <> AI0AJ0_0,AI0,AJ0,485.6,22.22,local road
AI0AJ0 <> AI0AJ0_1,AI0,AJ0,485.6,22.22,local road
AI10AH10 <> AI10AH10_0,AI10,AH10,485.6,22.22,local road
AI10AH10 <> AI10AH10_1,AI10,AH10,485.6,22.22,local road
AI10AI9 <> AI10AI9_0,AI10,AI9,482.4,13.89,local road
AI10AJ10 <> AI10AJ10_0,AI10,AJ10,485.6,22.22,local road
AI10AJ10 <> AI10AJ10_1,AI10,AJ10,485.6,22.22,local road
AI1AH1 <> AI1AH1_0,AI1,AH1,485.6,13.89,local road
AI1AI0 <> AI1AI0_0,AI1,AI0,482.4,13.89,local road
AI1AI2 <> AI1AI2_0,AI1,AI2,485.6,13.89,local road
AI1AJ1 <> AI1AJ1_0,AI1,AJ1,485.6,13.89,local road
AI2AH2 <> AI2AH2_0,AI2,AH2,485.6,13.89,local road
AI2AI1 <> AI2AI1_0,AI2,AI1,485.6,13.89,local road
AI2AI3 <> AI2AI3_0,AI2,AI3,485.6,13.89,local road
AI3AH3 <> AI3AH3_0,AI3,AH3,485.6,13.89,local road
AI3AI2 <> AI3AI2_0,AI3,AI2,485.6,13.89,local road
AI3AI4 <> AI3AI4_0,AI3,AI4,485.6,13.89,local road
AI3AJ3 <> AI3AJ3_0,AI3,AJ3,485.6,13.89,local road
AI4AH4 <> AI4AH4_0,AI4,AH4,485.6,13.89,local road
AI4AI3 <> AI4AI3_0,AI4,AI3,485.6,13.89,local road
AI4AI5 <> AI4AI5_0,AI4,AI5,482.4,13.89,local road
AI4AJ4 <> AI4AJ4_0,AI4,AJ4,485.6,13.89,local road
AI5AH5 <> AI5AH5_0,AI5,AH5,485.6,22.22,local road
AI5AH5 <> AI5AH5_1,AI5,AH5,485.6,22.22,local road
AI5AI4 <> AI5AI4_0,AI5,AI4,482.4,13.89,local road
AI5AI6 <> AI5AI6_0,AI5,AI6,482.4,13.89,local road
AI5AJ5 <> AI5AJ5_0,AI5,AJ5,485.6,22.22,local road
AI5AJ5 <> AI5AJ5_1,AI5,AJ5,485.6,22.22,local road
AI6AH6 <> AI6AH6_0,AI6,AH6,485.6,13.89,local road
AI6AI5 <> AI6AI5_0,AI6,AI5,482.4,13.89,local road
AI6AI7 <> AI6AI7_0,AI6,AI7,485.6,13.89,local road
AI6AJ6 <> AI6AJ6_0,AI6,AJ6,485.6,13.89,local road
AI7AH7 <> AI7AH7_0,AI7,AH7,485.6,13.89,local road
AI7AI6 <> AI7AI6_0,AI7,AI6,485.6,13.89,local road
AI7AI8 <> AI7AI8_0,AI7,AI8,485.6,13.89,local road
AI7AJ7 <> AI7AJ7_0,AI7,AJ7,485.6,13.89,local road
AI8AH8 <> AI8AH8_0,AI8,AH8,485.6,13.89,local road
AI8AI7 <> AI8AI7_0,AI8,AI7,485.6,13.89,local road
AI8AI9 <> AI8AI9_0,AI8,AI9,485.6,13.89,local road
AI9AH9 <> AI9AH9_0,AI9,AH9,485.6,13.89,local road
AI9AI10 <> AI9AI10_0,AI9,AI10,482.4,13.89,local road
AI9AI8 <> AI9AI8_0,AI9,AI8,485.6,13.89,local road
AI9AJ9 <> AI9AJ9_0,AI9,AJ9,485.6,13.89,local road
AJ0AI0 <> AJ0AI0_0,AJ0,AI0,485.6,22.22,local road
AJ0AI0 <> AJ0AI0_1,AJ0,AI0,485.6,22.22,local road
AJ0AJ1 <> AJ0AJ1_0,AJ0,AJ1,476.71,13.89,local road
AJ0AK0 <> AJ0AK0_0,AJ0,AK0,312.56,22.22,local road
AJ0AK0 <> AJ0AK0_1,AJ0,AK0,312.56,22.22,local road
AJ10AI10 <> AJ10AI10_0,AJ10,AI10,485.6,22.22,local road
AJ10AI10 <> AJ10AI10_1,AJ10,AI10,485.6,22.22,local road
AJ10AJ9 <> AJ10AJ9_0,AJ10,AJ9,482.4,13.89,local road
AJ10AK10 <> AJ10AK10_0,AJ10,AK10,486.4,22.22,local road
AJ10AK10 <> AJ10AK10_1,AJ10,AK10,486.4,22.22,local road
AJ1AI1 <> AJ1AI1_0,AJ1,AI1,485.6,13.89,local road
AJ1AJ0 <> AJ1AJ0_0,AJ1,AJ0,476.71,13.89,local road
AJ1AJ2 <> AJ1AJ2_0,AJ1,AJ2,485.6,13.89,local road
AJ1AK1 <> AJ1AK1_0,AJ1,AK1,476.7,13.89,local road
AJ2AJ1 <> AJ2AJ1_0,AJ2,AJ1,485.6,13.89,local road
AJ2AJ3 <> AJ2AJ3_0,AJ2,AJ3,485.6,13.89,local road
AJ2AK2 <> AJ2AK2_0,AJ2,AK2,482.4,13.89,local road
AJ3AI3 <> AJ3AI3_0,AJ3,AI3,485.6,13.89,local road
AJ3AJ2 <> AJ3AJ2_0,AJ3,AJ2,485.6,13.89,local road
AJ3AJ4 <> AJ3AJ4_0,AJ3,AJ4,485.6,13.89,local road
AJ3AK3 <> AJ3AK3_0,AJ3,AK3,482.4,13.89,local road
AJ4AI4 <> AJ4AI4_0,AJ4,AI4,485.6,13.89,local road
AJ4AJ3 <> AJ4AJ3_0,AJ4,AJ3,485.6,13.89,local road
AJ4AJ5 <> AJ4AJ5_0,AJ4,AJ5,482.4,13.89,local road
AJ4AK4 <> AJ4AK4_0,AJ4,AK4,482.4,13.89,local road
AJ5AI5 <> AJ5AI5_0,AJ5,AI5,485.6,22.22,local road
AJ5AI5 <> AJ5AI5_1,AJ5,AI5,485.6,22.22,local road
AJ5AJ4 <> AJ5AJ4_0,AJ5,AJ4,482.4,13.89,local road
AJ5AJ6 <> AJ5AJ6_0,AJ5,AJ6,482.4,13.89,local road
AJ5AK5 <> AJ5AK5_0,AJ5,AK5,482.4,22.22,local road
AJ5AK5 <> AJ5AK5_1,AJ5,AK5,482.4,22.22,local road
AJ6AI6 <> AJ6AI6_0,AJ6,AI6,485.6,13.89,local road
AJ6AJ5 <> AJ6AJ5_0,AJ6,AJ5,482.4,13.89,local road
AJ6AJ7 <> AJ6AJ7_0,AJ6,AJ7,485.6,13.89,local road
AJ6AK6 <> AJ6AK6_0,AJ6,AK6,482.4,13.89,local road
AJ7AI7 <> AJ7AI7_0,AJ7,AI7,485.6,13.89,local road
AJ7AJ6 <> AJ7AJ6_0,AJ7,AJ6,485.6,13.89,local road
AJ7AJ8 <> AJ7AJ8_0,AJ7,AJ8,485.6,13.89,local road
AJ7AK7 <> AJ7AK7_0,AJ7,AK7,482.4,13.89,local road
AJ8AJ7 <> AJ8AJ7_0,AJ8,AJ7,485.6,13.89,local road
AJ8AJ9 <> AJ8AJ9_0,AJ8,AJ9,485.6,13.89,local road
AJ8AK8 <> AJ8AK8_0,AJ8,AK8,482.4,13.89,local road
AJ9AI9 <> AJ9AI9_0,AJ9,AI9,485.6,13.89,local road
AJ9AJ10 <> AJ9AJ10_0,AJ9,AJ10,482.4,13.89,local road
AJ9AJ8 <> AJ9AJ8_0,AJ9,AJ8,485.6,13.89,local road
AJ9AK9 <> AJ9AK9_0,AJ9,AK9,482.4,13.89,local road
AK0AJ0 <> AK0AJ0_0,AK0,AJ0,312.56,22.22,local road
AK0AJ0 <> AK0AJ0_1,AK0,AJ0,312.56,22.22,local road
AK0AK1 <> AK0AK1_0,AK0,AK1,337.99,22.22,local road
AK0AK1 <> AK0AK1_1,AK0,AK1,337.99,22.22,local road
AK10AJ10 <> AK10AJ10_0,AK10,AJ10,486.4,22.22,local road
AK10AJ10 <> AK10AJ10_1,AK10,AJ10,486.4,22.22,local road
AK10AK9 <> AK10AK9_0,AK10,AK9,486.4,22.22,local road
AK10AK9 <> AK10AK9_1,AK10,AK9,486.4,22.22,local road
AK1AJ1 <> AK1AJ1_0,AK1,AJ1,476.7,13.89,local road
AK1AK0 <> AK1AK0_0,AK1,AK0,337.99,22.22,local road
AK1AK0 <> AK1AK0_1,AK1,AK0,337.99,22.22,local road
AK1AK2 <> AK1AK2_0,AK1,AK2,485.6,22.22,local road
AK1AK2 <> AK1AK2_1,AK1,AK2,485.6,22.22,local road
AK2AJ2 <> AK2AJ2_0,AK2,AJ2,482.4,13.89,local road
AK2AK1 <> AK2AK1_0,AK2,AK1,485.6,22.22,local road
AK2AK1 <> AK2AK1_1,AK2,AK1,485.6,22.22,local road
AK2AK3 <> AK2AK3_0,AK2,AK3,485.6,22.22,local road
AK2AK3 <> AK2AK3_1,AK2,AK3,485.6,22.22,local road
AK3AJ3 <> AK3AJ3_0,AK3,AJ3,482.4,13.89,local road
AK3AK2 <> AK3AK2_0,AK3,AK2,485.6,22.22,local road
AK3AK2 <> AK3AK2_1,AK3,AK2,485.6,22.22,local road
AK3AK4 <> AK3AK4_0,AK3,AK4,485.6,22.22,local road
AK3AK4 <> AK3AK4_1,AK3,AK4,485.6,22.22,local road
AK4AJ4 <> AK4AJ4_0,AK4,AJ4,482.4,13.89,local road
AK4AK3 <> AK4AK3_0,AK4,AK3,485.6,22.22,local road
AK4AK3 <> AK4AK3_1,AK4,AK3,485.6,22.22,local road
AK4AK5 <> AK4AK5_0,AK4,AK5,479.18,22.22,local road
AK4AK5 <> AK4AK5_1,AK4,AK5,479.18,22.22,local road
AK5AJ5 <> AK5AJ5_0,AK5,AJ5,482.4,22.22,local road
AK5AJ5 <> AK5AJ5_1,AK5,AJ5,482.4,22.22,local road
AK5AK4 <> AK5AK4_0,AK5,AK4,479.18,22.22,local road
AK5AK4 <> AK5AK4_1,AK5,AK4,479.18,22.22,local road
AK5AK6 <> AK5AK6_0,AK5,AK6,479.22,22.22,local road
AK5AK6 <> AK5AK6_1,AK5,AK6,479.22,22.22,local road
AK6AJ6 <> AK6AJ6_0,AK6,AJ6,482.4,13.89,local road
AK6AK5 <> AK6AK5_0,AK6,AK5,479.22,22.22,local road
AK6AK5 <> AK6AK5_1,AK6,AK5,479.22,22.22,local road
AK6AK7 <> AK6AK7_0,AK6,AK7,485.6,22.22,local road
AK6AK7 <> AK6AK7_1,AK6,AK7,485.6,22.22,local road
AK7AJ7 <> AK7AJ7_0,AK7,AJ7,482.4,13.89,local road
AK7AK6 <> AK7AK6_0,AK7,AK6,485.6,22.22,local road
AK7AK6 <> AK7AK6_1,AK7,AK6,485.6,22.22,local road
AK7AK8 <> AK7AK8_0,AK7,AK8,485.6,22.22,local road
AK7AK8 <> AK7AK8_1,AK7,AK8,485.6,22.22,local road
AK8AJ8 <> AK8AJ8_0,AK8,AJ8,482.4,13.89,local road
AK8AK7 <> AK8AK7_0,AK8,AK7,485.6,22.22,local road
AK8AK7 <> AK8AK7_1,AK8,AK7,485.6,22.22,local road
AK8AK9 <> AK8AK9_0,AK8,AK9,485.6,22.22,local road
AK8AK9 <> AK8AK9_1,AK8,AK9,485.6,22.22,local road
AK9AJ9 <> AK9AJ9_0,AK9,AJ9,482.4,13.89,local road
AK9AK10 <> AK9AK10_0,AK9,AK10,486.4,22.22,local road
AK9AK10 <> AK9AK10_1,AK9,AK10,486.4,22.22,local road
AK9AK8 <> AK9AK8_0,AK9,AK8,485.6,22.22,local road
AK9AK8 <> AK9AK8_1,AK9,AK8,485.6,22.22,local road
AN0AN1 <> AN0AN1_0,AN0,AN1,486.4,22.22,local road
AN0AN1 <> AN0AN1_1,AN0,AN1,486.4,22.22,local road
AN0AO0 <> AN0AO0_0,AN0,AO0,486.4,22.22,local road
AN0AO0 <> AN0AO0_1,AN0,AO0,486.4,22.22,local road
AN10AN9 <> AN10AN9_0,AN10,AN9,313.94,22.22,local road
AN10AN9 <> AN10AN9_1,AN10,AN9,313.94,22.22,local road
AN10AO10 <> AN10AO10_0,AN10,AO10,336.27,22.22,local road
AN10AO10 <> AN10AO10_1,AN10,AO10,336.27,22.22,local road
AN1AN0 <> AN1AN0_0,AN1,AN0,486.4,22.22,local road
AN1AN0 <> AN1AN0_1,AN1,AN0,486.4,22.22,local road
AN1AN2 <> AN1AN2_0,AN1,AN2,485.6,22.22,local road
AN1AN2 <> AN1AN2_1,AN1,AN2,485.6,22.22,local road
AN1AO1 <> AN1AO1_0,AN1,AO1,482.4,13.89,local road
AN2AN1 <> AN2AN1_0,AN2,AN1,485.6,22.22,local road
AN2AN1 <> AN2AN1_1,AN2,AN1,485.6,22.22,local road
AN2AN3 <> AN2AN3_0,AN2,AN3,485.6,22.22,local road
AN2AN3 <> AN2AN3_1,AN2,AN3,485.6,22.22,local road
AN2AO2 <> AN2AO2_0,AN2,AO2,482.4,13.89,local road
AN3AN2 <> AN3AN2_0,AN3,AN2,485.6,22.22,local road
AN3AN2 <> AN3AN2_1,AN3,AN2,485.6,22.22,local road
AN3AN4 <> AN3AN4_0,AN3,AN4,485.6,22.22,local road
AN3AN4 <> AN3AN4_1,AN3,AN4,485.6,22.22,local road
AN3AO3 <> AN3AO3_0,AN3,AO3,482.4,13.89,local road
AN4AN3 <> AN4AN3_0,AN4,AN3,485.6,22.22,local road
AN4AN3 <> AN4AN3_1,AN4,AN3,485.6,22.22,local road
AN4AN5 <> AN4AN5_0,AN4,AN5,479.17,22.22,local road
AN4AN5 <> AN4AN5_1,AN4,AN5,479.17,22.22,local road
AN4AO4 <> AN4AO4_0,AN4,AO4,482.4,13.89,local road
AN5AN4 <> AN5AN4_0,AN5,AN4,479.17,22.22,local road
AN5AN4 <> AN5AN4_1,AN5,AN4,479.17,22.22,local road
AN5AN6 <> AN5AN6_0,AN5,AN6,479.23,22.22,local road
AN5AN6 <> AN5AN6_1,AN5,AN6,479.23,22.22,local road
AN5AO5 <> AN5AO5_0,AN5,AO5,482.4,22.22,local road
AN5AO5 <> AN5AO5_1,AN5,AO5,482.4,22.22,local road
AN6AN5 <> AN6AN5_0,AN6,AN5,479.23,22.22,local road
AN6AN5 <> AN6AN5_1,AN6,AN5,479.23,22.22,local road
AN6AN7 <> AN6AN7_0,AN6,AN7,485.6,22.22,local road
AN6AN7 <> AN6AN7_1,AN6,AN7,485.6,22.22,local road
AN6AO6 <> AN6AO6_0,AN6,AO6,482.4,13.89,local road
AN7AN6 <> AN7AN6_0,AN7,AN6,485.6,22.22,local road
AN7AN6 <> AN7AN6_1,AN7,AN6,485.6,22.22,local road
AN7AN8 <> AN7AN8_0,AN7,AN8,485.6,22.22,local road
AN7AN8 <> AN7AN8_1,AN7,AN8,485.6,22.22,local road
AN7AO7 <> AN7AO7_0,AN7,AO7,482.4,13.89,local road
AN8AN7 <> AN8AN7_0,AN8,AN7,485.6,22.22,local road
AN8AN7 <> AN8AN7_1,AN8,AN7,485.6,22.22,local road
AN8AN9 <> AN8AN9_0,AN8,AN9,485.6,22.22,local road
AN8AN9 <> AN8AN9_1,AN8,AN9,485.6,22.22,local road
AN8AO8 <> AN8AO8_0,AN8,AO8,482.4,13.89,local road
AN9AN10 <> AN9AN10_0,AN9,AN10,313.94,22.22,local road
AN9AN10 <> AN9AN10_1,AN9,AN10,313.94,22.22,local road
AN9AN8 <> AN9AN8_0,AN9,AN8,485.6,22.22,local road
AN9AN8 <> AN9AN8_1,AN9,AN8,485.6,22.22,local road
AN9AO9 <> AN9AO9_0,AN9,AO9,476.61,13.89,local road
AO0AN0 <> AO0AN0_0,AO0,AN0,486.4,22.22,local road
AO0AN0 <> AO0AN0_1,AO0,AN0,486.4,22.22,local road
AO0AO1 <> AO0AO1_0,AO0,AO1,482.4,13.89,local road
AO0AP0 <> AO0AP0_0,AO0,AP0,485.6,22.22,local road
AO0AP0 <> AO0AP0_1,AO0,AP0,485.6,22.22,local road
AO10AN10 <> AO10AN10_0,AO10,AN10,336.27,22.22,local road
AO10AN10 <> AO10AN10_1,AO10,AN10,336.27,22.22,local road
AO10AO9 <> AO10AO9_0,AO10,AO9,476.6,13.89,local road
AO10AP10 <> AO10AP10_0,AO10,AP10,485.6,22.22,local road
AO10AP10 <> AO10AP10_1,AO10,AP10,485.6,22.22,local road
AO1AN1 <> AO1AN1_0,AO1,AN1,482.4,13.89,local road
AO1AO0 <> AO1AO0_0,AO1,AO0,482.4,13.89,local road
AO1AO2 <> AO1AO2_0,AO1,AO2,485.6,13.89,local road
AO1AP1 <> AO1AP1_0,AO1,AP1,485.6,13.89,local road
AO2AN2 <> AO2AN2_0,AO2,AN2,482.4,13.89,local road
AO2AO1 <> AO2AO1_0,AO2,AO1,485.6,13.89,local road
AO2AO3 <> AO2AO3_0,AO2,AO3,485.6,13.89,local road
AO2AP2 <> AO2AP2_0,AO2,AP2,485.6,13.89,local road
AO3AN3 <> AO3AN3_0,AO3,AN3,482.4,13.89,local road
AO3AO2 <> AO3AO2_0,AO3,AO2,485.6,13.89,local road
AO3AO4 <> AO3AO4_0,AO3,AO4,485.6,13.89,local road
AO3AP3 <> AO3AP3_0,AO3,AP3,485.6,13.89,local road
AO4AN4 <> AO4AN4_0,AO4,AN4,482.4,13.89,local road
AO4AO3 <> AO4AO3_0,AO4,AO3,485.6,13.89,local road
AO4AO5 <> AO4AO5_0,AO4,AO5,482.4,13.89,local road
AO4AP4 <> AO4AP4_0,AO4,AP4,485.6,13.89,local road
AO5AN5 <> AO5AN5_0,AO5,AN5,482.4,22.22,local road
AO5AN5 <> AO5AN5_1,AO5,AN5,482.4,22.22,local road
AO5AO4 <> AO5AO4_0,AO5,AO4,482.4,13.89,local road
AO5AO6 <> AO5AO6_0,AO5,AO6,482.4,13.89,local road
AO5AP5 <> AO5AP5_0,AO5,AP5,485.6,22.22,local road
AO5AP5 <> AO5AP5_1,AO5,AP5,485.6,22.22,local road
AO6AN6 <> AO6AN6_0,AO6,AN6,482.4,13.89,local road
AO6AO5 <> AO6AO5_0,AO6,AO5,482.4,13.89,local road
AO6AO7 <> AO6AO7_0,AO6,AO7,485.6,13.89,local road
AO6AP6 <> AO6AP6_0,AO6,AP6,485.6,13.89,local road
AO7AN7 <> AO7AN7_0,AO7,AN7,482.4,13.89,local road
AO7AO6 <> AO7AO6_0,AO7,AO6,485.6,13.89,local road
AO7AO8 <> AO7AO8_0,AO7,AO8,485.6,13.89,local road
AO8AN8 <> AO8AN8_0,AO8,AN8,482.4,13.89,local road
AO8AO7 <> AO8AO7_0,AO8,AO7,485.6,13.89,local road
AO8AO9 <> AO8AO9_0,AO8,AO9,485.6,13.89,local road
AO8AP8 <> AO8AP8_0,AO8,AP8,485.6,13.89,local road
AO9AN9 <> AO9AN9_0,AO9,AN9,476.61,13.89,local road
AO9AO10 <> AO9AO10_0,AO9,AO10,476.6,13.89,local road
AO9AO8 <> AO9AO8_0,AO9,AO8,485.6,13.89,local road
AO9AP9 <> AO9AP9_0,AO9,AP9,485.6,13.89,local road
AP0AO0 <> AP0AO0_0,AP0,AO0,485.6,22.22,local road
AP0AO0 <> AP0AO0_1,AP0,AO0,485.6,22.22,local road
AP0AP1 <> AP0AP1_0,AP0,AP1,482.4,13.89,local road
AP0AQ0 <> AP0AQ0_0,AP0,AQ0,485.6,22.22,local road
AP0AQ0 <> AP0AQ0_1,AP0,AQ0,485.6,22.22,local road
AP10AO10 <> AP10AO10_0,AP10,AO10,485.6,22.22,local road
AP10AO10 <> AP10AO10_1,AP10,AO10,485.6,22.22,local road
AP10AP9 <> AP10AP9_0,AP10,AP9,482.4,13.89,local road
AP10AQ10 <> AP10AQ10_0,AP10,AQ10,485.6,22.22,local road
AP10AQ10 <> AP10AQ10_1,AP10,AQ10,485.6,22.22,local road
AP1AO1 <> AP1AO1_0,AP1,AO1,485.6,13.89,local road
AP1AP0 <> AP1AP0_0,AP1,AP0,482.4,13.89,local road
AP1AP2 <> AP1AP2_0,AP1,AP2,485.6,13.89,local road
AP1AQ1 <> AP1AQ1_0,AP1,AQ1,485.6,13.89,local road
AP2AO2 <> AP2AO2_0,AP2,AO2,485.6,13.89,local road
AP2AP1 <> AP2AP1_0,AP2,AP1,485.6,13.89,local road
AP2AP3 <> AP2AP3_0,AP2,AP3,485.6,13.89,local road
AP2AQ2 <> AP2AQ2_0,AP2,AQ2,485.6,13.89,local road
AP3AO3 <> AP3AO3_0,AP3,AO3,485.6,13.89,local road
AP3AP2 <> AP3AP2_0,AP3,AP2,485.6,13.89,local road
AP3AQ3 <> AP3AQ3_0,AP3,AQ3,485.6,13.89,local road
AP4AO4 <> AP4AO4_0,AP4,AO4,485.6,13.89,local road
AP4AP5 <> AP4AP5_0,AP4,AP5,482.4,13.89,local road
AP4AQ4 <> AP4AQ4_0,AP4,AQ4,485.6,13.89,local road
AP5AO5 <> AP5AO5_0,AP5,AO5,485.6,22.22,local road
AP5AO5 <> AP5AO5_1,AP5,AO5,485.6,22.22,local road
AP5AP4 <> AP5AP4_0,AP5,AP4,482.4,13.89,local road
AP5AP6 <> AP5AP6_0,AP5,AP6,482.4,13.89,local road
AP5AQ5 <> AP5AQ5_0,AP5,AQ5,485.6,22.22,local road
AP5AQ5 <> AP5AQ5_1,AP5,AQ5,485.6,22.22,local road
AP6AO6 <> AP6AO6_0,AP6,AO6,485.6,13.89,local road
AP6AP5 <> AP6AP5_0,AP6,AP5,482.4,13.89,local road
AP6AP7 <> AP6AP7_0,AP6,AP7,485.6,13.89,local road
AP6AQ6 <> AP6AQ6_0,AP6,AQ6,485.6,13.89,local road
AP7AP6 <> AP7AP6_0,AP7,AP6,485.6,13.89,local road
AP7AP8 <> AP7AP8_0,AP7,AP8,485.6,13.89,local road
AP7AQ7 <> AP7AQ7_0,AP7,AQ7,485.6,13.89,local road
AP8AO8 <> AP8AO8_0,AP8,AO8,485.6,13.89,local road
AP8AP7 <> AP8AP7_0,AP8,AP7,485.6,13.89,local road
AP8AP9 <> AP8AP9_0,AP8,AP9,485.6,13.89,local road
AP8AQ8 <> AP8AQ8_0,AP8,AQ8,485.6,13.89,local road
AP9AO9 <> AP9AO9_0,AP9,AO9,485.6,13.89,local road
AP9AP10 <> AP9AP10_0,AP9,AP10,482.4,13.89,local road
AP9AP8 <> AP9AP8_0,AP9,AP8,485.6,13.89,local road
AP9AQ9 <> AP9AQ9_0,AP9,AQ9,485.6,13.89,local road
AQ0AP0 <> AQ0AP0_0,AQ0,AP0,485.6,22.22,local road
AQ0AP0 <> AQ0AP0_1,AQ0,AP0,485.6,22.22,local road
AQ0AQ1 <> AQ0AQ1_0,AQ0,AQ1,482.4,13.89,local road
AQ0AR0 <> AQ0AR0_0,AQ0,AR0,485.6,22.22,local road
AQ0AR0 <> AQ0AR0_1,AQ0,AR0,485.6,22.22,local road
AQ10AP10 <> AQ10AP10_0,AQ10,AP10,485.6,22.22,local road
AQ10AP10 <> AQ10AP10_1,AQ10,AP10,485.6,22.22,local road
AQ10AQ9 <> AQ10AQ9_0,AQ10,AQ9,482.4,13.89,local road
AQ10AR10 <> AQ10AR10_0,AQ10,AR10,485.6,22.22,local road
AQ10AR10 <> AQ10AR10_1,AQ10,AR10,485.6,22.22,local road
AQ1AP1 <> AQ1AP1_0,AQ1,AP1,485.6,13.89,local road
AQ1AQ0 <> AQ1AQ0_0,AQ1,AQ0,482.4,13.89,local road
AQ1AR1 <> AQ1AR1_0,AQ1,AR1,485.6,13.89,local road
AQ2AP2 <> AQ2AP2_0,AQ2,AP2,485.6,13.89,local road
AQ2AQ3 <> AQ2AQ3_0,AQ2,AQ3,485.6,13.89,local road
AQ2AR2 <> AQ2AR2_0,AQ2,AR2,485.6,13.89,local road
AQ3AP3 <> AQ3AP3_0,AQ3,AP3,485.6,13.89,local road
AQ3AQ2 <> AQ3AQ2_0,AQ3,AQ2,485.6,13.89,local road
AQ3AQ4 <> AQ3AQ4_0,AQ3,AQ4,485.6,13.89,local road
AQ3AR3 <> AQ3AR3_0,AQ3,AR3,485.6,13.89,local road
AQ4AP4 <> AQ4AP4_0,AQ4,AP4,485.6,13.89,local road
AQ4AQ3 <> AQ4AQ3_0,AQ4,AQ3,485.6,13.89,local road
AQ4AQ5 <> AQ4AQ5_0,AQ4,AQ5,482.4,13.89,local road
AQ4AR4 <> AQ4AR4_0,AQ4,AR4,485.6,13.89,local road
AQ5AP5 <> AQ5AP5_0,AQ5,AP5,485.6,22.22,local road
AQ5AP5 <> AQ5AP5_1,AQ5,AP5,485.6,22.22,local road
AQ5AQ4 <> AQ5AQ4_0,AQ5,AQ4,482.4,13.89,local road
AQ5AQ6 <> AQ5AQ6_0,AQ5,AQ6,482.4,13.89,local road
AQ5AR5 <> AQ5AR5_0,AQ5,AR5,485.6,22.22,local road
AQ5AR5 <> AQ5AR5_1,AQ5,AR5,485.6,22.22,local road
AQ6AP6 <> AQ6AP6_0,AQ6,AP6,485.6,13.89,local road
AQ6AQ5 <> AQ6AQ5_0,AQ6,AQ5,482.4,13.89,local road
AQ6AQ7 <> AQ6AQ7_0,AQ6,AQ7,485.6,13.89,local road
AQ6AR6 <> AQ6AR6_0,AQ6,AR6,485.6,13.89,local road
AQ7AP7 <> AQ7AP7_0,AQ7,AP7,485.6,13.89,local road
AQ7AQ6 <> AQ7AQ6_0,AQ7,AQ6,485.6,13.89,local road
AQ7AQ8 <> AQ7AQ8_0,AQ7,AQ8,485.6,13.89,local road
AQ7AR7 <> AQ7AR7_0,AQ7,AR7,485.6,13.89,local road
AQ8AP8 <> AQ8AP8_0,AQ8,AP8,485.6,13.89,local road
AQ8AQ7 <> AQ8AQ7_0,AQ8,AQ7,485.6,13.89,local road
AQ8AQ9 <> AQ8AQ9_0,AQ8,AQ9,485.6,13.89,local road
AQ9AP9 <> AQ9AP9_0,AQ9,AP9,485.6,13.89,local road
AQ9AQ10 <> AQ9AQ10_0,AQ9,AQ10,482.4,13.89,local road
AQ9AQ8 <> AQ9AQ8_0,AQ9,AQ8,485.6,13.89,local road
AQ9AR9 <> AQ9AR9_0,AQ9,AR9,485.6,13.89,local road
AR0AQ0 <> AR0AQ0_0,AR0,AQ0,485.6,22.22,local road
AR0AQ0 <> AR0AQ0_1,AR0,AQ0,485.6,22.22,local road
AR0AR1 <> AR0AR1_0,AR0,AR1,482.4,13.89,local road
AR0AS0 <> AR0AS0_0,AR0,AS0,482.4,22.22,local road
AR0AS0 <> AR0AS0_1,AR0,AS0,482.4,22.22,local road
AR10AQ10 <> AR10AQ10_0,AR10,AQ10,485.6,22.22,local road
AR10AQ10 <> AR10AQ10_1,AR10,AQ10,485.6,22.22,local road
AR10AR9 <> AR10AR9_0,AR10,AR9,482.4,13.89,local road
AR10AS10 <> AR10AS10_0,AR10,AS10,479.21,22.22,local road
AR10AS10 <> AR10AS10_1,AR10,AS10,479.21,22.22,local road
AR1AQ1 <> AR1AQ1_0,AR1,AQ1,485.6,13.89,local road
AR1AR0 <> AR1AR0_0,AR1,AR0,482.4,13.89,local road
AR1AR2 <> AR1AR2_0,AR1,AR2,485.6,13.89,local road
AR1AS1 <> AR1AS1_0,AR1,AS1,482.4,13.89,local road
AR2AQ2 <> AR2AQ2_0,AR2,AQ2,485.6,13.89,local road
AR2AR1 <> AR2AR1_0,AR2,AR1,485.6,13.89,local road
AR2AR3 <> AR2AR3_0,AR2,AR3,485.6,13.89,local road
AR2AS2 <> AR2AS2_0,AR2,AS2,482.4,13.89,local road
AR3AQ3 <> AR3AQ3_0,AR3,AQ3,485.6,13.89,local road
AR3AR2 <> AR3AR2_0,AR3,AR2,485.6,13.89,local road
AR3AR4 <> AR3AR4_0,AR3,AR4,485.6,13.89,local road
AR3AS3 <> AR3AS3_0,AR3,AS3,482.4,13.89,local road
AR4AQ4 <> AR4AQ4_0,AR4,AQ4,485.6,13.89,local road
AR4AR3 <> AR4AR3_0,AR4,AR3,485.6,13.89,local road
AR4AR5 <> AR4AR5_0,AR4,AR5,482.4,13.89,local road
AR4AS4 <> AR4AS4_0,AR4,AS4,482.4,13.89,local road
AR5AQ5 <> AR5AQ5_0,AR5,AQ5,485.6,22.22,local road
AR5AQ5 <> AR5AQ5_1,AR5,AQ5,485.6,22.22,local road
AR5AR4 <> AR5AR4_0,AR5,AR4,482.4,13.89,local road
AR5AR6 <> AR5AR6_0,AR5,AR6,482.4,13.89,local road
AR5AS5 <> AR5AS5_0,AR5,AS5,482.4,22.22,local road
AR5AS5 <> AR5AS5_1,AR5,AS5,482.4,22.22,local road
AR6AQ6 <> AR6AQ6_0,AR6,AQ6,485.6,13.89,local road
AR6AR5 <> AR6AR5_0,AR6,AR5,482.4,13.89,local road
AR6AR7 <> AR6AR7_0,AR6,AR7,485.6,13.89,local road
AR6AS6 <> AR6AS6_0,AR6,AS6,482.4,13.89,local road
AR7AQ7 <> AR7AQ7_0,AR7,AQ7,485.6,13.89,local road
AR7AR6 <> AR7AR6_0,AR7,AR6,485.6,13.89,local road
AR7AR8 <> AR7AR8_0,AR7,AR8,485.6,13.89,local road
AR7AS7 <> AR7AS7_0,AR7,AS7,482.4,13.89,local road
AR8AR7 <> AR8AR7_0,AR8,AR7,485.6,13.89,local road
AR8AR9 <> AR8AR9_0,AR8,AR9,485.6,13.89,local road
AR8AS8 <> AR8AS8_0,AR8,AS8,482.4,13.89,local road
AR9AQ9 <> AR9AQ9_0,AR9,AQ9,485.6,13.89,local road
AR9AR10 <> AR9AR10_0,AR9,AR10,482.4,13.89,local road
AR9AR8 <> AR9AR8_0,AR9,AR8,485.6,13.89,local road
AR9AS9 <> AR9AS9_0,AR9,AS9,482.4,13.89,local road
AS0AR0 <> AS0AR0_0,AS0,AR0,482.4,22.22,local road
AS0AR0 <> AS0AR0_1,AS0,AR0,482.4,22.22,local road
AS0AS1 <> AS0AS1_0,AS0,AS1,482.4,22.22,local road
AS0AS1 <> AS0AS1_1,AS0,AS1,482.4,22.22,local road
AS0AT0 <> AS0AT0_0,AS0,AT0,482.4,22.22,local road
AS0AT0 <> AS0AT0_1,AS0,AT0,482.4,22.22,local road
AS10AR10 <> AS10AR10_0,AS10,AR10,479.21,22.22,local road
AS10AR10 <> AS10AR10_1,AS10,AR10,479.21,22.22,local road
AS10AS9 <> AS10AS9_0,AS10,AS9,482.4,22.22,local road
AS10AS9 <> AS10AS9_1,AS10,AS9,482.4,22.22,local road
AS10AT10 <> AS10AT10_0,AS10,AT10,479.19,22.22,local road
AS10AT10 <> AS10AT10_1,AS10,AT10,479.19,22.22,local road
AS1AR1 <> AS1AR1_0,AS1,AR1,482.4,13.89,local road
AS1AS0 <> AS1AS0_0,AS1,AS0,482.4,22.22,local road
AS1AS0 <> AS1AS0_1,AS1,AS0,482.4,22.22,local road
AS1AS2 <> AS1AS2_0,AS1,AS2,485.6,22.22,local road
AS1AS2 <> AS1AS2_1,AS1,AS2,485.6,22.22,local road
AS1AT1 <> AS1AT1_0,AS1,AT1,482.4,13.89,local road
AS2AR2 <> AS2AR2_0,AS2,AR2,482.4,13.89,local road
AS2AS1 <> AS2AS1_0,AS2,AS1,485.6,22.22,local road
AS2AS1 <> AS2AS1_1,AS2,AS1,485.6,22.22,local road
AS2AS3 <> AS2AS3_0,AS2,AS3,485.6,22.22,local road
AS2AS3 <> AS2AS3_1,AS2,AS3,485.6,22.22,local road
AS2AT2 <> AS2AT2_0,AS2,AT2,482.4,13.89,local road
AS3AR3 <> AS3AR3_0,AS3,AR3,482.4,13.89,local road
AS3AS2 <> AS3AS2_0,AS3,AS2,485.6,22.22,local road
AS3AS2 <> AS3AS2_1,AS3,AS2,485.6,22.22,local road
AS3AS4 <> AS3AS4_0,AS3,AS4,485.6,22.22,local road
AS3AS4 <> AS3AS4_1,AS3,AS4,485.6,22.22,local road
AS3AT3 <> AS3AT3_0,AS3,AT3,482.4,13.89,local road
AS4AR4 <> AS4AR4_0,AS4,AR4,482.4,13.89,local road
AS4AS3 <> AS4AS3_0,AS4,AS3,485.6,22.22,local road
AS4AS3 <> AS4AS3_1,AS4,AS3,485.6,22.22,local road
AS4AS5 <> AS4AS5_0,AS4,AS5,482.4,22.22,local road
AS4AS5 <> AS4AS5_1,AS4,AS5,482.4,22.22,local road
AS4AT4 <> AS4AT4_0,AS4,AT4,482.4,13.89,local road
AS5AR5 <> AS5AR5_0,AS5,AR5,482.4,22.22,local road
AS5AR5 <> AS5AR5_1,AS5,AR5,482.4,22.22,local road
AS5AS4 <> AS5AS4_0,AS5,AS4,482.4,22.22,local road
AS5AS4 <> AS5AS4_1,AS5,AS4,482.4,22.22,local road
AS5AS6 <> AS5AS6_0,AS5,AS6,482.4,22.22,local road
AS5AS6 <> AS5AS6_1,AS5,AS6,482.4,22.22,local road
AS5AT5 <> AS5AT5_0,AS5,AT5,482.4,22.22,local road
AS5AT5 <> AS5AT5_1,AS5,AT5,482.4,22.22,local road
AS6AR6 <> AS6AR6_0,AS6,AR6,482.4,13.89,local road
AS6AS5 <> AS6AS5_0,AS6,AS5,482.4,22.22,local road
AS6AS5 <> AS6AS5_1,AS6,AS5,482.4,22.22,local road
AS6AS7 <> AS6AS7_0,AS6,AS7,485.6,22.22,local road
AS6AS7 <> AS6AS7_1,AS6,AS7,485.6,22.22,local road
AS6AT6 <> AS6AT6_0,AS6,AT6,482.4,13.89,local road
AS7AR7 <> AS7AR7_0,AS7,AR7,482.4,13.89,local road
AS7AS6 <> AS7AS6_0,AS7,AS6,485.6,22.22,local road
AS7AS6 <> AS7AS6_1,AS7,AS6,485.6,22.22,local road
AS7AS8 <> AS7AS8_0,AS7,AS8,485.6,22.22,local road
AS7AS8 <> AS7AS8_1,AS7,AS8,485.6,22.22,local road
AS7AT7 <> AS7AT7_0,AS7,AT7,482.4,13.89,local road
AS8AR8 <> AS8AR8_0,AS8,AR8,482.4,13.89,local road
AS8AS7 <> AS8AS7_0,AS8,AS7,485.6,22.22,local road
AS8AS7 <> AS8AS7_1,AS8,AS7,485.6,22.22,local road
AS8AS9 <> AS8AS9_0,AS8,AS9,485.6,22.22,local road
AS8AS9 <> AS8AS9_1,AS8,AS9,485.6,22.22,local road
AS8AT8 <> AS8AT8_0,AS8,AT8,482.4,13.89,local road
AS9AR9 <> AS9AR9_0,AS9,AR9,482.4,13.89,local road
AS9AS10 <> AS9AS10_0,AS9,AS10,482.4,22.22,local road
AS9AS10 <> AS9AS10_1,AS9,AS10,482.4,22.22,local road
AS9AS8 <> AS9AS8_0,AS9,AS8,485.6,22.22,local road
AS9AS8 <> AS9AS8_1,AS9,AS8,485.6,22.22,local road
AS9AT9 <> AS9AT9_0,AS9,AT9,482.4,13.89,local road
AT0AS0 <> AT0AS0_0,AT0,AS0,482.4,22.22,local road
AT0AS0 <> AT0AS0_1,AT0,AS0,482.4,22.22,local road
AT0AT1 <> AT0AT1_0,AT0,AT1,482.4,13.89,local road
AT0AU0 <> AT0AU0_0,AT0,AU0,485.6,22.22,local road
AT0AU0 <> AT0AU0_1,AT0,AU0,485.6,22.22,local road
AT10AS10 <> AT10AS10_0,AT10,AS10,479.19,22.22,local road
AT10AS10 <> AT10AS10_1,AT10,AS10,479.19,22.22,local road
AT10AT9 <> AT10AT9_0,AT10,AT9,482.4,13.89,local road
AT10AU10 <> AT10AU10_0,AT10,AU10,485.6,22.22,local road
AT10AU10 <> AT10AU10_1,AT10,AU10,485.6,22.22,local road
AT1AS1 <> AT1AS1_0,AT1,AS1,482.4,13.89,local road
AT1AT0 <> AT1AT0_0,AT1,AT0,482.4,13.89,local road
AT1AT2 <> AT1AT2_0,AT1,AT2,485.6,13.89,local road
AT1AU1 <> AT1AU1_0,AT1,AU1,485.6,13.89,local road
AT2AS2 <> AT2AS2_0,AT2,AS2,482.4,13.89,local road
AT2AT1 <> AT2AT1_0,AT2,AT1,485.6,13.89,local road
AT2AT3 <> AT2AT3_0,AT2,AT3,485.6,13.89,local road
AT3AS3 <> AT3AS3_0,AT3,AS3,482.4,13.89,local road
AT3AT2 <> AT3AT2_0,AT3,AT2,485.6,13.89,local road
AT3AT4 <> AT3AT4_0,AT3,AT4,485.6,13.89,local road
AT3AU3 <> AT3AU3_0,AT3,AU3,485.6,13.89,local road
AT4AS4 <> AT4AS4_0,AT4,AS4,482.4,13.89,local road
AT4AT3 <> AT4AT3_0,AT4,AT3,485.6,13.89,local road
AT4AT5 <> AT4AT5_0,AT4,AT5,482.4,13.89,local road
AT4AU4 <> AT4AU4_0,AT4,AU4,485.6,13.89,local road
AT5AS5 <> AT5AS5_0,AT5,AS5,482.4,22.22,local road
AT5AS5 <> AT5AS5_1,AT5,AS5,482.4,22.22,local road
AT5AT4 <> AT5AT4_0,AT5,AT4,482.4,13.89,local road
AT5AT6 <> AT5AT6_0,AT5,AT6,482.4,13.89,local road
AT5AU5 <> AT5AU5_0,AT5,AU5,485.6,22.22,local road
AT5AU5 <> AT5AU5_1,AT5,AU5,485.6,22.22,local road
AT6AS6 <> AT6AS6_0,AT6,AS6,482.4,13.89,local road
AT6AT5 <> AT6AT5_0,AT6,AT5,482.4,13.89,local road
AT6AT7 <> AT6AT7_0,AT6,AT7,485.6,13.89,local road
AT6AU6 <> AT6AU6_0,AT6,AU6,485.6,13.89,local road
AT7AS7 <> AT7AS7_0,AT7,AS7,482.4,13.89,local road
AT7AT6 <> AT7AT6_0,AT7,AT6,485.6,13.89,local road
AT7AT8 <> AT7AT8_0,AT7,AT8,485.6,13.89,local road
AT8AS8 <> AT8AS8_0,AT8,AS8,482.4,13.89,local road
AT8AT7 <> AT8AT7_0,AT8,AT7,485.6,13.89,local road
AT8AT9 <> AT8AT9_0,AT8,AT9,485.6,13.89,local road
AT8AU8 <> AT8AU8_0,AT8,AU8,485.6,13.89,local road
AT9AS9 <> AT9AS9_0,AT9,AS9,482.4,13.89,local road
AT9AT10 <> AT9AT10_0,AT9,AT10,482.4,13.89,local road
AT9AT8 <> AT9AT8_0,AT9,AT8,485.6,13.89,local road
AT9AU9 <> AT9AU9_0,AT9,AU9,485.6,13.89,local road
AU0AT0 <> AU0AT0_0,AU0,AT0,485.6,22.22,local road
AU0AT0 <> AU0AT0_1,AU0,AT0,485.6,22.22,local road
AU0AU1 <> AU0AU1_0,AU0,AU1,482.4,13.89,local road
AU0AV0 <> AU0AV0_0,AU0,AV0,485.6,22.22,local road
AU0AV0 <> AU0AV0_1,AU0,AV0,485.6,22.22,local road
AU10AT10 <> AU10AT10_0,AU10,AT10,485.6,22.22,local road
AU10AT10 <> AU10AT10_1,AU10,AT10,485.6,22.22,local road
AU10AU9 <> AU10AU9_0,AU10,AU9,482.4,13.89,local road
AU10AV10 <> AU10AV10_0,AU10,AV10,485.6,22.22,local road
AU10AV10 <> AU10AV10_1,AU10,AV10,485.6,22.22,local road
AU1AT1 <> AU1AT1_0,AU1,AT1,485.6,13.89,local road
AU1AU0 <> AU1AU0_0,AU1,AU0,482.4,13.89,local road
AU1AU2 <> AU1AU2_0,AU1,AU2,485.6,13.89,local road
AU1AV1 <> AU1AV1_0,AU1,AV1,485.6,13.89,local road
AU2AU1 <> AU2AU1_0,AU2,AU1,485.6,13.89,local road
AU2AU3 <> AU2AU3_0,AU2,AU3,485.6,13.89,local road
AU2AV2 <> AU2AV2_0,AU2,AV2,485.6,13.89,local road
AU3AT3 <> AU3AT3_0,AU3,AT3,485.6,13.89,local road
AU3AU2 <> AU3AU2_0,AU3,AU2,485.6,13.89,local road
AU3AU4 <> AU3AU4_0,AU3,AU4,485.6,13.89,local road
AU3AV3 <> AU3AV3_0,AU3,AV3,485.6,13.89,local road
AU4AT4 <> AU4AT4_0,AU4,AT4,485.6,13.89,local road
AU4AU3 <> AU4AU3_0,AU4,AU3,485.6,13.89,local road
AU4AU5 <> AU4AU5_0,AU4,AU5,482.4,13.89,local road
AU4AV4 <> AU4AV4_0,AU4,AV4,485.6,13.89,local road
AU5AT5 <> AU5AT5_0,AU5,AT5,485.6,22.22,local road
AU5AT5 <> AU5AT5_1,AU5,AT5,485.6,22.22,local road
AU5AU4 <> AU5AU4_0,AU5,AU4,482.4,13.89,local road
AU5AU6 <> AU5AU6_0,AU5,AU6,482.4,13.89,local road
AU5AV5 <> AU5AV5_0,AU5,AV5,485.6,22.22,local road
AU5AV5 <> AU5AV5_1,AU5,AV5,485.6,22.22,local road
AU6AT6 <> AU6AT6_0,AU6,AT6,485.6,13.89,local road
AU6AU5 <> AU6AU5_0,AU6,AU5,482.4,13.89,local road
AU6AU7 <> AU6AU7_0,AU6,AU7,485.6,13.89,local road
AU6AV6 <> AU6AV6_0,AU6,AV6,485.6,13.89,local road
AU7AU6 <> AU7AU6_0,AU7,AU6,485.6,13.89,local road
AU7AU8 <> AU7AU8_0,AU7,AU8,485.6,13.89,local road
AU7AV7 <> AU7AV7_0,AU7,AV7,485.6,13.89,local road
AU8AT8 <> AU8AT8_0,AU8,AT8,485.6,13.89,local road
AU8AU7 <> AU8AU7_0,AU8,AU7,485.6,13.89,local road
AU8AU9 <> AU8AU9_0,AU8,AU9,485.6,13.89,local road
AU8AV8 <> AU8AV8_0,AU8,AV8,485.6,13.89,local road
AU9AT9 <> AU9AT9_0,AU9,AT9,485.6,13.89,local road
AU9AU10 <> AU9AU10_0,AU9,AU10,482.4,13.89,local road
AU9AU8 <> AU9AU8_0,AU9,AU8,485.6,13.89,local road
AU9AV9 <> AU9AV9_0,AU9,AV9,485.6,13.89,local road
AV0AU0 <> AV0AU0_0,AV0,AU0,485.6,22.22,local road
AV0AU0 <> AV0AU0_1,AV0,AU0,485.6,22.22,local road
AV0AV1 <> AV0AV1_0,AV0,AV1,482.4,13.89,local road
AV0AW0 <> AV0AW0_0,AV0,AW0,485.6,22.22,local road
AV0AW0 <> AV0AW0_1,AV0,AW0,485.6,22.22,local road
AV10AU10 <> AV10AU10_0,AV10,AU10,485.6,22.22,local road
AV10AU10 <> AV10AU10_1,AV10,AU10,485.6,22.22,local road
AV10AV9 <> AV10AV9_0,AV10,AV9,482.4,13.89,local road
AV10AW10 <> AV10AW10_0,AV10,AW10,485.6,22.22,local road
AV10AW10 <> AV10AW10_1,AV10,AW10,485.6,22.22,local road
AV1AU1 <> AV1AU1_0,AV1,AU1,485.6,13.89,local road
AV1AV0 <> AV1AV0_0,AV1,AV0,482.4,13.89,local road
AV1AV2 <> AV1AV2_0,AV1,AV2,485.6,13.89,local road
AV1AW1 <> AV1AW1_0,AV1,AW1,485.6,13.89,local road
AV2AU2 <> AV2AU2_0,AV2,AU2,485.6,13.89,local road
AV2AV1 <> AV2AV1_0,AV2,AV1,485.6,13.89,local road
AV2AV3 <> AV2AV3_0,AV2,AV3,485.6,13.89,local road
AV2AW2 <> AV2AW2_0,AV2,AW2,485.6,13.89,local road
AV3AU3 <> AV3AU3_0,AV3,AU3,485.6,13.89,local road
AV3AV2 <> AV3AV2_0,AV3,AV2,485.6,13.89,local road
AV3AV4 <> AV3AV4_0,AV3,AV4,485.6,13.89,local road
AV4AU4 <> AV4AU4_0,AV4,AU4,485.6,13.89,local road
AV4AV3 <> AV4AV3_0,AV4,AV3,485.6,13.89,local road
AV4AV5 <> AV4AV5_0,AV4,AV5,482.4,13.89,local road
AV4AW4 <> AV4AW4_0,AV4,AW4,485.6,13.89,local road
AV5AU5 <> AV5AU5_0,AV5,AU5,485.6,22.22,local road
AV5AU5 <> AV5AU5_1,AV5,AU5,485.6,22.22,local road
AV5AV4 <> AV5AV4_0,AV5,AV4,482.4,13.89,local road
AV5AV6 <> AV5AV6_0,AV5,AV6,482.4,13.89,local road
AV5AW5 <> AV5AW5_0,AV5,AW5,485.6,22.22,local road
AV5AW5 <> AV5AW5_1,AV5,AW5,485.6,22.22,local road
AV6AU6 <> AV6AU6_0,AV6,AU6,485.6,13.89,local road
AV6AV5 <> AV6AV5_0,AV6,AV5,482.4,13.89,local road
AV6AV7 <> AV6AV7_0,AV6,AV7,485.6,13.89,local road
AV6AW6 <> AV6AW6_0,AV6,AW6,485.6,13.89,local road
AV7AU7 <> AV7AU7_0,AV7,AU7,485.6,13.89,local road
AV7AV6 <> AV7AV6_0,AV7,AV6,485.6,13.89,local road
AV7AV8 <> AV7AV8_0,AV7,AV8,485.6,13.89,local road
AV7AW7 <> AV7AW7_0,AV7,AW7,485.6,13.89,local road
AV8AU8 <> AV8AU8_0,AV8,AU8,485.6,13.89,local road
AV8AV7 <> AV8AV7_0,AV8,AV7,485.6,13.89,local road
AV8AV9 <> AV8AV9_0,AV8,AV9,485.6,13.89,local road
AV9AU9 <> AV9AU9_0,AV9,AU9,485.6,13.89,local road
AV9AV10 <> AV9AV10_0,AV9,AV10,482.4,13.89,local road
AV9AV8 <> AV9AV8_0,AV9,AV8,485.6,13.89,local road
AV9AW9 <> AV9AW9_0,AV9,AW9,485.6,13.89,local road
AW0AV0 <> AW0AV0_0,AW0,AV0,485.6,22.22,local road
AW0AV0 <> AW0AV0_1,AW0,AV0,485.6,22.22,local road
AW0AW1 <> AW0AW1_0,AW0,AW1,482.4,13.89,local road
AW0AX0 <> AW0AX0_0,AW0,AX0,486.4,22.22,local road
AW0AX0 <> AW0AX0_1,AW0,AX0,486.4,22.22,local road
AW10AV10 <> AW10AV10_0,AW10,AV10,485.6,22.22,local road
AW10AV10 <> AW10AV10_1,AW10,AV10,485.6,22.22,local road
AW10AW9 <> AW10AW9_0,AW10,AW9,476.35,13.89,local road
AW10AX10 <> AW10AX10_0,AW10,AX10,325.5,22.22,local road
AW10AX10 <> AW10AX10_1,AW10,AX10,325.5,22.22,local road
AW1AV1 <> AW1AV1_0,AW1,AV1,485.6,13.89,local road
AW1AW0 <> AW1AW0_0,AW1,AW0,482.4,13.89,local road
AW1AW2 <> AW1AW2_0,AW1,AW2,485.6,13.89,local road
AW1AX1 <> AW1AX1_0,AW1,AX1,482.4,13.89,local road
AW2AV2 <> AW2AV2_0,AW2,AV2,485.6,13.89,local road
AW2AW1 <> AW2AW1_0,AW2,AW1,485.6,13.89,local road
AW2AW3 <> AW2AW3_0,AW2,AW3,485.6,13.89,local road
AW2AX2 <> AW2AX2_0,AW2,AX2,482.4,13.89,local road
AW3AW2 <> AW3AW2_0,AW3,AW2,485.6,13.89,local road
AW3AW4 <> AW3AW4_0,AW3,AW4,485.6,13.89,local road
AW3AX3 <> AW3AX3_0,AW3,AX3,482.4,13.89,local road
AW4AV4 <> AW4AV4_0,AW4,AV4,485.6,13.89,local road
AW4AW3 <> AW4AW3_0,AW4,AW3,485.6,13.89,local road
AW4AW5 <> AW4AW5_0,AW4,AW5,482.4,13.89,local road
AW4AX4 <> AW4AX4_0,AW4,AX4,482.4,13.89,local road
AW5AV5 <> AW5AV5_0,AW5,AV5,485.6,22.22,local road
AW5AV5 <> AW5AV5_1,AW5,AV5,485.6,22.22,local road
AW5AW4 <> AW5AW4_0,AW5,AW4,482.4,13.89,local road
AW5AW6 <> AW5AW6_0,AW5,AW6,482.4,13.89,local road
AW5AX5 <> AW5AX5_0,AW5,AX5,482.4,22.22,local road
AW5AX5 <> AW5AX5_1,AW5,AX5,482.4,22.22,local road
AW6AV6 <> AW6AV6_0,AW6,AV6,485.6,13.89,local road
AW6AW5 <> AW6AW5_0,AW6,AW5,482.4,13.89,local road
AW6AW7 <> AW6AW7_0,AW6,AW7,485.6,13.89,local road
AW6AX6 <> AW6AX6_0,AW6,AX6,482.4,13.89,local road
AW7AV7 <> AW7AV7_0,AW7,AV7,485.6,13.89,local road
AW7AW6 <> AW7AW6_0,AW7,AW6,485.6,13.89,local road
AW7AW8 <> AW7AW8_0,AW7,AW8,485.6,13.89,local road
AW7AX7 <> AW7AX7_0,AW7,AX7,482.4,13.89,local road
AW8AW7 <> AW8AW7_0,AW8,AW7,485.6,13.89,local road
AW8AW9 <> AW8AW9_0,AW8,AW9,485.6,13.89,local road
AW8AX8 <> AW8AX8_0,AW8,AX8,482.4,13.89,local road
AW9AV9 <> AW9AV9_0,AW9,AV9,485.6,13.89,local road
AW9AW10 <> AW9AW10_0,AW9,AW10,476.35,13.89,local road
AW9AW8 <> AW9AW8_0,AW9,AW8,485.6,13.89,local road
AW9AX9 <> AW9AX9_0,AW9,AX9,476.35,13.89,local road
AX0AW0 <> AX0AW0_0,AX0,AW0,486.4,22.22,local road
AX0AW0 <> AX0AW0_1,AX0,AW0,486.4,22.22,local road
AX0AX1 <> AX0AX1_0,AX0,AX1,486.4,22.22,local road
AX0AX1 <> AX0AX1_1,AX0,AX1,486.4,22.22,local road
AX10AW10 <> AX10AW10_0,AX10,AW10,325.5,22.22,local road
AX10AW10 <> AX10AW10_1,AX10,AW10,325.5,22.22,local road
AX10AX9 <> AX10AX9_0,AX10,AX9,323.96,22.22,local road
AX10AX9 <> AX10AX9_1,AX10,AX9,323.96,22.22,local road
AX1AW1 <> AX1AW1_0,AX1,AW1,482.4,13.89,local road
AX1AX0 <> AX1AX0_0,AX1,AX0,486.4,22.22,local road
AX1AX0 <> AX1AX0_1,AX1,AX0,486.4,22.22,local road
AX1AX2 <> AX1AX2_0,AX1,AX2,485.6,22.22,local road
AX1AX2 <> AX1AX2_1,AX1,AX2,485.6,22.22,local road
AX2AW2 <> AX2AW2_0,AX2,AW2,482.4,13.89,local road
AX2AX1 <> AX2AX1_0,AX2,AX1,485.6,22.22,local road
AX2AX1 <> AX2AX1_1,AX2,AX1,485.6,22.22,local road
AX2AX3 <> AX2AX3_0,AX2,AX3,485.6,22.22,local road
AX2AX3 <> AX2AX3_1,AX2,AX3,485.6,22.22,local road
AX3AW3 <> AX3AW3_0,AX3,AW3,482.4,13.89,local road
AX3AX2 <> AX3AX2_0,AX3,AX2,485.6,22.22,local road
AX3AX2 <> AX3AX2_1,AX3,AX2,485.6,22.22,local road
AX3AX4 <> AX3AX4_0,AX3,AX4,485.6,22.22,local road
AX3AX4 <> AX3AX4_1,AX3,AX4,485.6,22.22,local road
AX4AW4 <> AX4AW4_0,AX4,AW4,482.4,13.89,local road
AX4AX3 <> AX4AX3_0,AX4,AX3,485.6,22.22,local road
AX4AX3 <> AX4AX3_1,AX4,AX3,485.6,22.22,local road
AX4AX5 <> AX4AX5_0,AX4,AX5,479.2,22.22,local road
AX4AX5 <> AX4AX5_1,AX4,AX5,479.2,22.22,local road
AX5AW5 <> AX5AW5_0,AX5,AW5,482.4,22.22,local road
AX5AW5 <> AX5AW5_1,AX5,AW5,482.4,22.22,local road
AX5AX4 <> AX5AX4_0,AX5,AX4,479.2,22.22,local road
AX5AX4 <> AX5AX4_1,AX5,AX4,479.2,22.22,local road
AX5AX6 <> AX5AX6_0,AX5,AX6,479.2,22.22,local road
AX5AX6 <> AX5AX6_1,AX5,AX6,479.2,22.22,local road
AX6AW6 <> AX6AW6_0,AX6,AW6,482.4,13.89,local road
AX6AX5 <> AX6AX5_0,AX6,AX5,479.2,22.22,local road
AX6AX5 <> AX6AX5_1,AX6,AX5,479.2,22.22,local road
AX6AX7 <> AX6AX7_0,AX6,AX7,485.6,22.22,local road
AX6AX7 <> AX6AX7_1,AX6,AX7,485.6,22.22,local road
AX7AW7 <> AX7AW7_0,AX7,AW7,482.4,13.89,local road
AX7AX6 <> AX7AX6_0,AX7,AX6,485.6,22.22,local road
AX7AX6 <> AX7AX6_1,AX7,AX6,485.6,22.22,local road
AX7AX8 <> AX7AX8_0,AX7,AX8,485.6,22.22,local road
AX7AX8 <> AX7AX8_1,AX7,AX8,485.6,22.22,local road
AX8AW8 <> AX8AW8_0,AX8,AW8,482.4,13.89,local road
AX8AX7 <> AX8AX7_0,AX8,AX7,485.6,22.22,local road
AX8AX7 <> AX8AX7_1,AX8,AX7,485.6,22.22,local road
AX8AX9 <> AX8AX9_0,AX8,AX9,485.6,22.22,local road
AX8AX9 <> AX8AX9_1,AX8,AX9,485.6,22.22,local road
AX9AW9 <> AX9AW9_0,AX9,AW9,476.35,13.89,local road
AX9AX10 <> AX9AX10_0,AX9,AX10,323.96,22.22,local road
AX9AX10 <> AX9AX10_1,AX9,AX10,323.96,22.22,local road
AX9AX8 <> AX9AX8_0,AX9,AX8,485.6,22.22,local road
AX9AX8 <> AX9AX8_1,AX9,AX8,485.6,22.22,local road
BA0BA1 <> BA0BA1_0,BA0,BA1,310.17,22.22,local road
BA0BA1 <> BA0BA1_1,BA0,BA1,310.17,22.22,local road
BA0BB0 <> BA0BB0_0,BA0,BB0,339.99,22.22,local road
BA0BB0 <> BA0BB0_1,BA0,BB0,339.99,22.22,local road
BA10BA9 <> BA10BA9_0,BA10,BA9,486.4,22.22,local road
BA10BA9 <> BA10BA9_1,BA10,BA9,486.4,22.22,local road
BA10BB10 <> BA10BB10_0,BA10,BB10,486.4,22.22,local road
BA10BB10 <> BA10BB10_1,BA10,BB10,486.4,22.22,local road
BA1BA0 <> BA1BA0_0,BA1,BA0,310.17,22.22,local road
BA1BA0 <> BA1BA0_1,BA1,BA0,310.17,22.22,local road
BA1BA2 <> BA1BA2_0,BA1,BA2,485.6,22.22,local road
BA1BA2 <> BA1BA2_1,BA1,BA2,485.6,22.22,local road
BA1BB1 <> BA1BB1_0,BA1,BB1,476.6,13.89,local road
BA2BA1 <> BA2BA1_0,BA2,BA1,485.6,22.22,local road
BA2BA1 <> BA2BA1_1,BA2,BA1,485.6,22.22,local road
BA2BA3 <> BA2BA3_0,BA2,BA3,485.6,22.22,local road
BA2BA3 <> BA2BA3_1,BA2,BA3,485.6,22.22,local road
BA2BB2 <> BA2BB2_0,BA2,BB2,482.4,13.89,local road
BA3BA2 <> BA3BA2_0,BA3,BA2,485.6,22.22,local road
BA3BA2 <> BA3BA2_1,BA3,BA2,485.6,22.22,local road
BA3BA4 <> BA3BA4_0,BA3,BA4,485.6,22.22,local road
BA3BA4 <> BA3BA4_1,BA3,BA4,485.6,22.22,local road
BA3BB3 <> BA3BB3_0,BA3,BB3,482.4,13.89,local road
BA4BA3 <> BA4BA3_0,BA4,BA3,485.6,22.22,local road
BA4BA3 <> BA4BA3_1,BA4,BA3,485.6,22.22,local road
BA4BA5 <> BA4BA5_0,BA4,BA5,479.18,22.22,local road
BA4BA5 <> BA4BA5_1,BA4,BA5,479.18,22.22,local road
BA4BB4 <> BA4BB4_0,BA4,BB4,482.4,13.89,local road
BA5BA4 <> BA5BA4_0,BA5,BA4,479.18,22.22,local road
BA5BA4 <> BA5BA4_1,BA5,BA4,479.18,22.22,local road
BA5BA6 <> BA5BA6_0,BA5,BA6,479.22,22.22,local road
BA5BA6 <> BA5BA6_1,BA5,BA6,479.22,22.22,local road
BA5BB5 <> BA5BB5_0,BA5,BB5,482.4,22.22,local road
BA5BB5 <> BA5BB5_1,BA5,BB5,482.4,22.22,local road
BA6BA5 <> BA6BA5_0,BA6,BA5,479.22,22.22,local road
BA6BA5 <> BA6BA5_1,BA6,BA5,479.22,22.22,local road
BA6BA7 <> BA6BA7_0,BA6,BA7,485.6,22.22,local road
BA6BA7 <> BA6BA7_1,BA6,BA7,485.6,22.22,local road
BA6BB6 <> BA6BB6_0,BA6,BB6,482.4,13.89,local road
BA7BA6 <> BA7BA6_0,BA7,BA6,485.6,22.22,local road
BA7BA6 <> BA7BA6_1,BA7,BA6,485.6,22.22,local road
BA7BA8 <> BA7BA8_0,BA7,BA8,485.6,22.22,local road
BA7BA8 <> BA7BA8_1,BA7,BA8,485.6,22.22,local road
BA7BB7 <> BA7BB7_0,BA7,BB7,482.4,13.89,local road
BA8BA7 <> BA8BA7_0,BA8,BA7,485.6,22.22,local road
BA8BA7 <> BA8BA7_1,BA8,BA7,485.6,22.22,local road
BA8BA9 <> BA8BA9_0,BA8,BA9,485.6,22.22,local road
BA8BA9 <> BA8BA9_1,BA8,BA9,485.6,22.22,local road
BA8BB8 <> BA8BB8_0,BA8,BB8,482.4,13.89,local road
BA9BA10 <> BA9BA10_0,BA9,BA10,486.4,22.22,local road
BA9BA10 <> BA9BA10_1,BA9,BA10,486.4,22.22,local road
BA9BA8 <> BA9BA8_0,BA9,BA8,485.6,22.22,local road
BA9BA8 <> BA9BA8_1,BA9,BA8,485.6,22.22,local road
BA9BB9 <> BA9BB9_0,BA9,BB9,482.4,13.89,local road
BB0BA0 <> BB0BA0_0,BB0,BA0,339.99,22.22,local road
BB0BA0 <> BB0BA0_1,BB0,BA0,339.99,22.22,local road
BB0BB1 <> BB0BB1_0,BB0,BB1,476.6,13.89,local road
BB0BC0 <> BB0BC0_0,BB0,BC0,485.6,22.22,local road
BB0BC0 <> BB0BC0_1,BB0,BC0,485.6,22.22,local road
BB10BA10 <> BB10BA10_0,BB10,BA10,486.4,22.22,local road
BB10BA10 <> BB10BA10_1,BB10,BA10,486.4,22.22,local road
BB10BB9 <> BB10BB9_0,BB10,BB9,482.4,13.89,local road
BB10BC10 <> BB10BC10_0,BB10,BC10,485.6,22.22,local road
BB10BC10 <> BB10BC10_1,BB10,BC10,485.6,22.22,local road
BB1BA1 <> BB1BA1_0,BB1,BA1,476.6,13.89,local road
BB1BB0 <> BB1BB0_0,BB1,BB0,476.6,13.89,local road
BB1BB2 <> BB1BB2_0,BB1,BB2,485.6,13.89,local road
BB1BC1 <> BB1BC1_0,BB1,BC1,485.6,13.89,local road
BB2BA2 <> BB2BA2_0,BB2,BA2,482.4,13.89,local road
BB2BB1 <> BB2BB1_0,BB2,BB1,485.6,13.89,local road
BB2BB3 <> BB2BB3_0,BB2,BB3,485.6,13.89,local road
BB2BC2 <> BB2BC2_0,BB2,BC2,485.6,13.89,local road
BB3BA3 <> BB3BA3_0,BB3,BA3,482.4,13.89,local road
BB3BB2 <> BB3BB2_0,BB3,BB2,485.6,13.89,local road
BB3BB4 <> BB3BB4_0,BB3,BB4,485.6,13.89,local road
BB3BC3 <> BB3BC3_0,BB3,BC3,485.6,13.89,local road
BB4BA4 <> BB4BA4_0,BB4,BA4,482.4,13.89,local road
BB4BB3 <> BB4BB3_0,BB4,BB3,485.6,13.89,local road
BB4BB5 <> BB4BB5_0,BB4,BB5,482.4,13.89,local road
BB4BC4 <> BB4BC4_0,BB4,BC4,485.6,13.89,local road
BB5BA5 <> BB5BA5_0,BB5,BA5,482.4,22.22,local road
BB5BA5 <> BB5BA5_1,BB5,BA5,482.4,22.22,local road
BB5BB4 <> BB5BB4_0,BB5,BB4,482.4,13.89,local road
BB5BB6 <> BB5BB6_0,BB5,BB6,482.4,13.89,local road
BB5BC5 <> BB5BC5_0,BB5,BC5,485.6,22.22,local road
BB5BC5 <> BB5BC5_1,BB5,BC5,485.6,22.22,local road
BB6BA6 <> BB6BA6_0,BB6,BA6,482.4,13.89,local road
BB6BB5 <> BB6BB5_0,BB6,BB5,482.4,13.89,local road
BB6BB7 <> BB6BB7_0,BB6,BB7,485.6,13.89,local road
BB6BC6 <> BB6BC6_0,BB6,BC6,485.6,13.89,local road
BB7BA7 <> BB7BA7_0,BB7,BA7,482.4,13.89,local road
BB7BB6 <> BB7BB6_0,BB7,BB6,485.6,13.89,local road
BB7BB8 <> BB7BB8_0,BB7,BB8,485.6,13.89,local road
BB7BC7 <> BB7BC7_0,BB7,BC7,485.6,13.89,local road
BB8BA8 <> BB8BA8_0,BB8,BA8,482.4,13.89,local road
BB8BB7 <> BB8BB7_0,BB8,BB7,485.6,13.89,local road
BB8BB9 <> BB8BB9_0,BB8,BB9,485.6,13.89,local road
BB8BC8 <> BB8BC8_0,BB8,BC8,485.6,13.89,local road
BB9BA9 <> BB9BA9_0,BB9,BA9,482.4,13.89,local road
BB9BB10 <> BB9BB10_0,BB9,BB10,482.4,13.89,local road
BB9BB8 <> BB9BB8_0,BB9,BB8,485.6,13.89,local road
BB9BC9 <> BB9BC9_0,BB9,BC9,485.6,13.89,local road
BC0BB0 <> BC0BB0_0,BC0,BB0,485.6,22.22,local road
BC0BB0 <> BC0BB0_1,BC0,BB0,485.6,22.22,local road
BC0BC1 <> BC0BC1_0,BC0,BC1,482.4,13.89,local road
BC0BD0 <> BC0BD0_0,BC0,BD0,485.6,22.22,local road
BC0BD0 <> BC0BD0_1,BC0,BD0,485.6,22.22,local road
BC10BB10 <> BC10BB10_0,BC10,BB10,485.6,22.22,local road
BC10BB10 <> BC10BB10_1,BC10,BB10,485.6,22.22,local road
BC10BC9 <> BC10BC9_0,BC10,BC9,482.4,13.89,local road
BC10BD10 <> BC10BD10_0,BC10,BD10,485.6,22.22,local road
BC10BD10 <> BC10BD10_1,BC10,BD10,485.6,22.22,local road
BC1BB1 <> BC1BB1_0,BC1,BB1,485.6,13.89,local road
BC1BC0 <> BC1BC0_0,BC1,BC0,482.4,13.89,local road
BC1BC2 <> BC1BC2_0,BC1,BC2,485.6,13.89,local road
BC1BD1 <> BC1BD1_0,BC1,BD1,485.6,13.89,local road
BC2BB2 <> BC2BB2_0,BC2,BB2,485.6,13.89,local road
BC2BC1 <> BC2BC1_0,BC2,BC1,485.6,13.89,local road
BC2BC3 <> BC2BC3_0,BC2,BC3,485.6,13.89,local road
BC2BD2 <> BC2BD2_0,BC2,BD2,485.6,13.89,local road
BC3BB3 <> BC3BB3_0,BC3,BB3,485.6,13.89,local road
BC3BC2 <> BC3BC2_0,BC3,BC2,485.6,13.89,local road
BC3BC4 <> BC3BC4_0,BC3,BC4,485.6,13.89,local road
BC3BD3 <> BC3BD3_0,BC3,BD3,485.6,13.89,local road
BC4BB4 <> BC4BB4_0,BC4,BB4,485.6,13.89,local road
BC4BC3 <> BC4BC3_0,BC4,BC3,485.6,13.89,local road
BC4BC5 <> BC4BC5_0,BC4,BC5,482.4,13.89,local road
BC4BD4 <> BC4BD4_0,BC4,BD4,485.6,13.89,local road
BC5BB5 <> BC5BB5_0,BC5,BB5,485.6,22.22,local road
BC5BB5 <> BC5BB5_1,BC5,BB5,485.6,22.22,local road
BC5BC4 <> BC5BC4_0,BC5,BC4,482.4,13.89,local road
BC5BC6 <> BC5BC6_0,BC5,BC6,482.4,13.89,local road
BC5BD5 <> BC5BD5_0,BC5,BD5,485.6,22.22,local road
BC5BD5 <> BC5BD5_1,BC5,BD5,485.6,22.22,local road
BC6BB6 <> BC6BB6_0,BC6,BB6,485.6,13.89,local road
BC6BC5 <> BC6BC5_0,BC6,BC5,482.4,13.89,local road
BC6BC7 <> BC6BC7_0,BC6,BC7,485.6,13.89,local road
BC6BD6 <> BC6BD6_0,BC6,BD6,485.6,13.89,local road
BC7BB7 <> BC7BB7_0,BC7,BB7,485.6,13.89,local road
BC7BC6 <> BC7BC6_0,BC7,BC6,485.6,13.89,local road
BC7BC8 <> BC7BC8_0,BC7,BC8,485.6,13.89,local road
BC7BD7 <> BC7BD7_0,BC7,BD7,485.6,13.89,local road
BC8BB8 <> BC8BB8_0,BC8,BB8,485.6,13.89,local road
BC8BC7 <> BC8BC7_0,BC8,BC7,485.6,13.89,local road
BC8BC9 <> BC8BC9_0,BC8,BC9,485.6,13.89,local road
BC9BB9 <> BC9BB9_0,BC9,BB9,485.6,13.89,local road
BC9BC10 <> BC9BC10_0,BC9,BC10,482.4,13.89,local road
BC9BC8 <> BC9BC8_0,BC9,BC8,485.6,13.89,local road
BC9BD9 <> BC9BD9_0,BC9,BD9,485.6,13.89,local road
BD0BC0 <> BD0BC0_0,BD0,BC0,485.6,22.22,local road
BD0BC0 <> BD0BC0_1,BD0,BC0,485.6,22.22,local road
BD0BD1 <> BD0BD1_0,BD0,BD1,482.4,13.89,local road
BD0BE0 <> BD0BE0_0,BD0,BE0,485.6,22.22,local road
BD0BE0 <> BD0BE0_1,BD0,BE0,485.6,22.22,local road
BD10BC10 <> BD10BC10_0,BD10,BC10,485.6,22.22,local road
BD10BC10 <> BD10BC10_1,BD10,BC10,485.6,22.22,local road
BD10BD9 <> BD10BD9_0,BD10,BD9,482.4,13.89,local road
BD10BE10 <> BD10BE10_0,BD10,BE10,485.6,22.22,local road
BD10BE10 <> BD10BE10_1,BD10,BE10,485.6,22.22,local road
BD1BC1 <> BD1BC1_0,BD1,BC1,485.6,13.89,local road
BD1BD0 <> BD1BD0_0,BD1,BD0,482.4,13.89,local road
BD1BD2 <> BD1BD2_0,BD1,BD2,485.6,13.89,local road
BD1BE1 <> BD1BE1_0,BD1,BE1,485.6,13.89,local road
BD2BC2 <> BD2BC2_0,BD2,BC2,485.6,13.89,local road
BD2BD1 <> BD2BD1_0,BD2,BD1,485.6,13.89,local road
BD2BD3 <> BD2BD3_0,BD2,BD3,485.6,13.89,local road
BD2BE2 <> BD2BE2_0,BD2,BE2,485.6,13.89,local road
BD3BC3 <> BD3BC3_0,BD3,BC3,485.6,13.89,local road
BD3BD2 <> BD3BD2_0,BD3,BD2,485.6,13.89,local road
BD3BD4 <> BD3BD4_0,BD3,BD4,485.6,13.89,local road
BD3BE3 <> BD3BE3_0,BD3,BE3,485.6,13.89,local road
BD4BC4 <> BD4BC4_0,BD4,BC4,485.6,13.89,local road
BD4BD3 <> BD4BD3_0,BD4,BD3,485.6,13.89,local road
BD4BD5 <> BD4BD5_0,BD4,BD5,482.4,13.89,local road
BD4BE4 <> BD4BE4_0,BD4,BE4,485.6,13.89,local road
BD5BC5 <> BD5BC5_0,BD5,BC5,485.6,22.22,local road
BD5BC5 <> BD5BC5_1,BD5,BC5,485.6,22.22,local road
BD5BD4 <> BD5BD4_0,BD5,BD4,482.4,13.89,local road
BD5BD6 <> BD5BD6_0,BD5,BD6,482.4,13.89,local road
BD5BE5 <> BD5BE5_0,BD5,BE5,485.6,22.22,local road
BD5BE5 <> BD5BE5_1,BD5,BE5,485.6,22.22,local road
BD6BC6 <> BD6BC6_0,BD6,BC6,485.6,13.89,local road
BD6BD5 <> BD6BD5_0,BD6,BD5,482.4,13.89,local road
BD6BD7 <> BD6BD7_0,BD6,BD7,485.6,13.89,local road
BD6BE6 <> BD6BE6_0,BD6,BE6,485.6,13.89,local road
BD7BC7 <> BD7BC7_0,BD7,BC7,485.6,13.89,local road
BD7BD6 <> BD7BD6_0,BD7,BD6,485.6,13.89,local road
BD7BE7 <> BD7BE7_0,BD7,BE7,485.6,13.89,local road
BD9BC9 <> BD9BC9_0,BD9,BC9,485.6,13.89,local road
BD9BD10 <> BD9BD10_0,BD9,BD10,482.4,13.89,local road
BD9BE9 <> BD9BE9_0,BD9,BE9,485.6,13.89,local road
BE0BD0 <> BE0BD0_0,BE0,BD0,485.6,22.22,local road
BE0BD0 <> BE0BD0_1,BE0,BD0,485.6,22.22,local road
BE0BE1 <> BE0BE1_0,BE0,BE1,482.4,13.89,local road
BE0BF0 <> BE0BF0_0,BE0,BF0,479.2,22.22,local road
BE0BF0 <> BE0BF0_1,BE0,BF0,479.2,22.22,local road
BE10BD10 <> BE10BD10_0,BE10,BD10,485.6,22.22,local road
BE10BD10 <> BE10BD10_1,BE10,BD10,485.6,22.22,local road
BE10BE9 <> BE10BE9_0,BE10,BE9,482.4,13.89,local road
BE10BF10 <> BE10BF10_0,BE10,BF10,482.4,22.22,local road
BE10BF10 <> BE10BF10_1,BE10,BF10,482.4,22.22,local road
BE1BD1 <> BE1BD1_0,BE1,BD1,485.6,13.89,local road
BE1BE0 <> BE1BE0_0,BE1,BE0,482.4,13.89,local road
BE1BE2 <> BE1BE2_0,BE1,BE2,485.6,13.89,local road
BE1BF1 <> BE1BF1_0,BE1,BF1,482.4,13.89,local road
BE2BD2 <> BE2BD2_0,BE2,BD2,485.6,13.89,local road
BE2BE1 <> BE2BE1_0,BE2,BE1,485.6,13.89,local road
BE2BE3 <> BE2BE3_0,BE2,BE3,485.6,13.89,local road
BE2BF2 <> BE2BF2_0,BE2,BF2,482.4,13.89,local road
BE3BD3 <> BE3BD3_0,BE3,BD3,485.6,13.89,local road
BE3BE2 <> BE3BE2_0,BE3,BE2,485.6,13.89,local road
BE3BE4 <> BE3BE4_0,BE3,BE4,485.6,13.89,local road
BE3BF3 <> BE3BF3_0,BE3,BF3,482.4,13.89,local road
BE4BD4 <> BE4BD4_0,BE4,BD4,485.6,13.89,local road
BE4BE3 <> BE4BE3_0,BE4,BE3,485.6,13.89,local road
BE4BE5 <> BE4BE5_0,BE4,BE5,482.4,13.89,local road
BE4BF4 <> BE4BF4_0,BE4,BF4,482.4,13.89,local road
BE5BD5 <> BE5BD5_0,BE5,BD5,485.6,22.22,local road
BE5BD5 <> BE5BD5_1,BE5,BD5,485.6,22.22,local road
BE5BE4 <> BE5BE4_0,BE5,BE4,482.4,13.89,local road
BE5BE6 <> BE5BE6_0,BE5,BE6,482.4,13.89,local road
BE5BF5 <> BE5BF5_0,BE5,BF5,482.4,22.22,local road
BE5BF5 <> BE5BF5_1,BE5,BF5,482.4,22.22,local road
BE6BD6 <> BE6BD6_0,BE6,BD6,485.6,13.89,local road
BE6BE5 <> BE6BE5_0,BE6,BE5,482.4,13.89,local road
BE6BE7 <> BE6BE7_0,BE6,BE7,485.6,13.89,local road
BE6BF6 <> BE6BF6_0,BE6,BF6,482.4,13.89,local road
BE7BD7 <> BE7BD7_0,BE7,BD7,485.6,13.89,local road
BE7BE6 <> BE7BE6_0,BE7,BE6,485.6,13.89,local road
BE7BE8 <> BE7BE8_0,BE7,BE8,485.6,13.89,local road
BE7BF7 <> BE7BF7_0,BE7,BF7,482.4,13.89,local road
BE8BE7 <> BE8BE7_0,BE8,BE7,485.6,13.89,local road
BE8BE9 <> BE8BE9_0,BE8,BE9,485.6,13.89,local road
BE8BF8 <> BE8BF8_0,BE8,BF8,482.4,13.89,local road
BE9BD9 <> BE9BD9_0,BE9,BD9,485.6,13.89,local road
BE9BE10 <> BE9BE10_0,BE9,BE10,482.4,13.89,local road
BE9BE8 <> BE9BE8_0,BE9,BE8,485.6,13.89,local road
BE9BF9 <> BE9BF9_0,BE9,BF9,482.4,13.89,local road
BF0BE0 <> BF0BE0_0,BF0,BE0,479.2,22.22,local road
BF0BE0 <> BF0BE0_1,BF0,BE0,479.2,22.22,local road
BF0BF1 <> BF0BF1_0,BF0,BF1,482.4,22.22,local road
BF0BF1 <> BF0BF1_1,BF0,BF1,482.4,22.22,local road
BF0BG0 <> BF0BG0_0,BF0,BG0,479.2,22.22,local road
BF0BG0 <> BF0BG0_1,BF0,BG0,479.2,22.22,local road
BF10BE10 <> BF10BE10_0,BF10,BE10,482.4,22.22,local road
BF10BE10 <> BF10BE10_1,BF10,BE10,482.4,22.22,local road
BF10BF9 <> BF10BF9_0,BF10,BF9,482.4,22.22,local road
BF10BF9 <> BF10BF9_1,BF10,BF9,482.4,22.22,local road
BF10BG10 <> BF10BG10_0,BF10,BG10,482.4,22.22,local road
BF10BG10 <> BF10BG10_1,BF10,BG10,482.4,22.22,local road
BF1BE1 <> BF1BE1_0,BF1,BE1,482.4,13.89,local road
BF1BF0 <> BF1BF0_0,BF1,BF0,482.4,22.22,local road
BF1BF0 <> BF1BF0_1,BF1,BF0,482.4,22.22,local road
BF1BF2 <> BF1BF2_0,BF1,BF2,485.6,22.22,local road
BF1BF2 <> BF1BF2_1,BF1,BF2,485.6,22.22,local road
BF1BG1 <> BF1BG1_0,BF1,BG1,482.4,13.89,local road
BF2BE2 <> BF2BE2_0,BF2,BE2,482.4,13.89,local road
BF2BF1 <> BF2BF1_0,BF2,BF1,485.6,22.22,local road
BF2BF1 <> BF2BF1_1,BF2,BF1,485.6,22.22,local road
BF2BF3 <> BF2BF3_0,BF2,BF3,485.6,22.22,local road
BF2BF3 <> BF2BF3_1,BF2,BF3,485.6,22.22,local road
BF2BG2 <> BF2BG2_0,BF2,BG2,482.4,13.89,local road
BF3BE3 <> BF3BE3_0,BF3,BE3,482.4,13.89,local road
BF3BF2 <> BF3BF2_0,BF3,BF2,485.6,22.22,local road
BF3BF2 <> BF3BF2_1,BF3,BF2,485.6,22.22,local road
BF3BF4 <> BF3BF4_0,BF3,BF4,485.6,22.22,local road
BF3BF4 <> BF3BF4_1,BF3,BF4,485.6,22.22,local road
BF3BG3 <> BF3BG3_0,BF3,BG3,482.4,13.89,local road
BF4BE4 <> BF4BE4_0,BF4,BE4,482.4,13.89,local road
BF4BF3 <> BF4BF3_0,BF4,BF3,485.6,22.22,local road
BF4BF3 <> BF4BF3_1,BF4,BF3,485.6,22.22,local road
BF4BF5 <> BF4BF5_0,BF4,BF5,482.4,22.22,local road
BF4BF5 <> BF4BF5_1,BF4,BF5,482.4,22.22,local road
BF4BG4 <> BF4BG4_0,BF4,BG4,482.4,13.89,local road
BF5BE5 <> BF5BE5_0,BF5,BE5,482.4,22.22,local road
BF5BE5 <> BF5BE5_1,BF5,BE5,482.4,22.22,local road
BF5BF4 <> BF5BF4_0,BF5,BF4,482.4,22.22,local road
BF5BF4 <> BF5BF4_1,BF5,BF4,482.4,22.22,local road
BF5BF6 <> BF5BF6_0,BF5,BF6,482.4,22.22,local road
BF5BF6 <> BF5BF6_1,BF5,BF6,482.4,22.22,local road
BF5BG5 <> BF5BG5_0,BF5,BG5,482.4,22.22,local road
BF5BG5 <> BF5BG5_1,BF5,BG5,482.4,22.22,local road
BF6BE6 <> BF6BE6_0,BF6,BE6,482.4,13.89,local road
BF6BF5 <> BF6BF5_0,BF6,BF5,482.4,22.22,local road
BF6BF5 <> BF6BF5_1,BF6,BF5,482.4,22.22,local road
BF6BF7 <> BF6BF7_0,BF6,BF7,485.6,22.22,local road
BF6BF7 <> BF6BF7_1,BF6,BF7,485.6,22.22,local road
BF6BG6 <> BF6BG6_0,BF6,BG6,482.4,13.89,local road
BF7BE7 <> BF7BE7_0,BF7,BE7,482.4,13.89,local road
BF7BF6 <> BF7BF6_0,BF7,BF6,485.6,22.22,local road
BF7BF6 <> BF7BF6_1,BF7,BF6,485.6,22.22,local road
BF7BF8 <> BF7BF8_0,BF7,BF8,485.6,22.22,local road
BF7BF8 <> BF7BF8_1,BF7,BF8,485.6,22.22,local road
BF7BG7 <> BF7BG7_0,BF7,BG7,482.4,13.89,local road
BF8BE8 <> BF8BE8_0,BF8,BE8,482.4,13.89,local road
BF8BF7 <> BF8BF7_0,BF8,BF7,485.6,22.22,local road
BF8BF7 <> BF8BF7_1,BF8,BF7,485.6,22.22,local road
BF8BF9 <> BF8BF9_0,BF8,BF9,485.6,22.22,local road
BF8BF9 <> BF8BF9_1,BF8,BF9,485.6,22.22,local road
BF8BG8 <> BF8BG8_0,BF8,BG8,482.4,13.89,local road
BF9BE9 <> BF9BE9_0,BF9,BE9,482.4,13.89,local road
BF9BF10 <> BF9BF10_0,BF9,BF10,482.4,22.22,local road
BF9BF10 <> BF9BF10_1,BF9,BF10,482.4,22.22,local road
BF9BF8 <> BF9BF8_0,BF9,BF8,485.6,22.22,local road
BF9BF8 <> BF9BF8_1,BF9,BF8,485.6,22.22,local road
BF9BG9 <> BF9BG9_0,BF9,BG9,482.4,13.89,local road
BG0BF0 <> BG0BF0_0,BG0,BF0,479.2,22.22,local road
BG0BF0 <> BG0BF0_1,BG0,BF0,479.2,22.22,local road
BG0BG1 <> BG0BG1_0,BG0,BG1,482.4,13.89,local road
BG0BH0 <> BG0BH0_0,BG0,BH0,485.6,22.22,local road
BG0BH0 <> BG0BH0_1,BG0,BH0,485.6,22.22,local road
BG10BF10 <> BG10BF10_0,BG10,BF10,482.4,22.22,local road
BG10BF10 <> BG10BF10_1,BG10,BF10,482.4,22.22,local road
BG10BG9 <> BG10BG9_0,BG10,BG9,482.4,13.89,local road
BG10BH10 <> BG10BH10_0,BG10,BH10,485.6,22.22,local road
BG10BH10 <> BG10BH10_1,BG10,BH10,485.6,22.22,local road
BG1BF1 <> BG1BF1_0,BG1,BF1,482.4,13.89,local road
BG1BG0 <> BG1BG0_0,BG1,BG0,482.4,13.89,local road
BG1BG2 <> BG1BG2_0,BG1,BG2,485.6,13.89,local road
BG1BH1 <> BG1BH1_0,BG1,BH1,485.6,13.89,local road
BG2BF2 <> BG2BF2_0,BG2,BF2,482.4,13.89,local road
BG2BG1 <> BG2BG1_0,BG2,BG1,485.6,13.89,local road
BG2BG3 <> BG2BG3_0,BG2,BG3,485.6,13.89,local road
BG2BH2 <> BG2BH2_0,BG2,BH2,485.6,13.89,local road
BG3BF3 <> BG3BF3_0,BG3,BF3,482.4,13.89,local road
BG3BG2 <> BG3BG2_0,BG3,BG2,485.6,13.89,local road
BG3BG4 <> BG3BG4_0,BG3,BG4,485.6,13.89,local road
BG3BH3 <> BG3BH3_0,BG3,BH3,485.6,13.89,local road
BG4BF4 <> BG4BF4_0,BG4,BF4,482.4,13.89,local road
BG4BG3 <> BG4BG3_0,BG4,BG3,485.6,13.89,local road
BG4BG5 <> BG4BG5_0,BG4,BG5,482.4,13.89,local road
BG4BH4 <> BG4BH4_0,BG4,BH4,485.6,13.89,local road
BG5BF5 <> BG5BF5_0,BG5,BF5,482.4,22.22,local road
BG5BF5 <> BG5BF5_1,BG5,BF5,482.4,22.22,local road
BG5BG4 <> BG5BG4_0,BG5,BG4,482.4,13.89,local road
BG5BG6 <> BG5BG6_0,BG5,BG6,482.4,13.89,local road
BG5BH5 <> BG5BH5_0,BG5,BH5,485.6,22.22,local road
BG5BH5 <> BG5BH5_1,BG5,BH5,485.6,22.22,local road
BG6BF6 <> BG6BF6_0,BG6,BF6,482.4,13.89,local road
BG6BG5 <> BG6BG5_0,BG6,BG5,482.4,13.89,local road
BG6BG7 <> BG6BG7_0,BG6,BG7,485.6,13.89,local road
BG6BH6 <> BG6BH6_0,BG6,BH6,485.6,13.89,local road
BG7BF7 <> BG7BF7_0,BG7,BF7,482.4,13.89,local road
BG7BG6 <> BG7BG6_0,BG7,BG6,485.6,13.89,local road
BG7BG8 <> BG7BG8_0,BG7,BG8,485.6,13.89,local road
BG7BH7 <> BG7BH7_0,BG7,BH7,485.6,13.89,local road
BG8BF8 <> BG8BF8_0,BG8,BF8,482.4,13.89,local road
BG8BG7 <> BG8BG7_0,BG8,BG7,485.6,13.89,local road
BG8BG9 <> BG8BG9_0,BG8,BG9,485.6,13.89,local road
BG8BH8 <> BG8BH8_0,BG8,BH8,485.6,13.89,local road
BG9BF9 <> BG9BF9_0,BG9,BF9,482.4,13.89,local road
BG9BG10 <> BG9BG10_0,BG9,BG10,482.4,13.89,local road
BG9BG8 <> BG9BG8_0,BG9,BG8,485.6,13.89,local road
BG9BH9 <> BG9BH9_0,BG9,BH9,485.6,13.89,local road
BH0BG0 <> BH0BG0_0,BH0,BG0,485.6,22.22,local road
BH0BG0 <> BH0BG0_1,BH0,BG0,485.6,22.22,local road
BH0BH1 <> BH0BH1_0,BH0,BH1,482.4,13.89,local road
BH0BI0 <> BH0BI0_0,BH0,BI0,485.6,22.22,local road
BH0BI0 <> BH0BI0_1,BH0,BI0,485.6,22.22,local road
BH10BG10 <> BH10BG10_0,BH10,BG10,485.6,22.22,local road
BH10BG10 <> BH10BG10_1,BH10,BG10,485.6,22.22,local road
BH10BH9 <> BH10BH9_0,BH10,BH9,482.4,13.89,local road
BH10BI10 <> BH10BI10_0,BH10,BI10,485.6,22.22,local road
BH10BI10 <> BH10BI10_1,BH10,BI10,485.6,22.22,local road
BH1BG1 <> BH1BG1_0,BH1,BG1,485.6,13.89,local road
BH1BH0 <> BH1BH0_0,BH1,BH0,482.4,13.89,local road
BH1BH2 <> BH1BH2_0,BH1,BH2,485.6,13.89,local road
BH1BI1 <> BH1BI1_0,BH1,BI1,485.6,13.89,local road
BH2BG2 <> BH2BG2_0,BH2,BG2,485.6,13.89,local road
BH2BH1 <> BH2BH1_0,BH2,BH1,485.6,13.89,local road
BH2BH3 <> BH2BH3_0,BH2,BH3,485.6,13.89,local road
BH3BG3 <> BH3BG3_0,BH3,BG3,485.6,13.89,local road
BH3BH2 <> BH3BH2_0,BH3,BH2,485.6,13.89,local road
BH3BH4 <> BH3BH4_0,BH3,BH4,485.6,13.89,local road
BH3BI3 <> BH3BI3_0,BH3,BI3,485.6,13.89,local road
BH4BG4 <> BH4BG4_0,BH4,BG4,485.6,13.89,local road
BH4BH3 <> BH4BH3_0,BH4,BH3,485.6,13.89,local road
BH4BH5 <> BH4BH5_0,BH4,BH5,482.4,13.89,local road
BH4BI4 <> BH4BI4_0,BH4,BI4,485.6,13.89,local road
BH5BG5 <> BH5BG5_0,BH5,BG5,485.6,22.22,local road
BH5BG5 <> BH5BG5_1,BH5,BG5,485.6,22.22,local road
BH5BH4 <> BH5BH4_0,BH5,BH4,482.4,13.89,local road
BH5BH6 <> BH5BH6_0,BH5,BH6,482.4,13.89,local road
BH5BI5 <> BH5BI5_0,BH5,BI5,485.6,22.22,local road
BH5BI5 <> BH5BI5_1,BH5,BI5,485.6,22.22,local road
BH6BG6 <> BH6BG6_0,BH6,BG6,485.6,13.89,local road
BH6BH5 <> BH6BH5_0,BH6,BH5,482.4,13.89,local road
BH6BH7 <> BH6BH7_0,BH6,BH7,485.6,13.89,local road
BH6BI6 <> BH6BI6_0,BH6,BI6,485.6,13.89,local road
BH7BG7 <> BH7BG7_0,BH7,BG7,485.6,13.89,local road
BH7BH6 <> BH7BH6_0,BH7,BH6,485.6,13.89,local road
BH7BH8 <> BH7BH8_0,BH7,BH8,485.6,13.89,local road
BH7BI7 <> BH7BI7_0,BH7,BI7,485.6,13.89,local road
BH8BG8 <> BH8BG8_0,BH8,BG8,485.6,13.89,local road
BH8BH7 <> BH8BH7_0,BH8,BH7,485.6,13.89,local road
BH8BH9 <> BH8BH9_0,BH8,BH9,485.6,13.89,local road
BH8BI8 <> BH8BI8_0,BH8,BI8,485.6,13.89,local road
BH9BG9 <> BH9BG9_0,BH9,BG9,485.6,13.89,local road
BH9BH10 <> BH9BH10_0,BH9,BH10,482.4,13.89,local road
BH9BH8 <> BH9BH8_0,BH9,BH8,485.6,13.89,local road
BH9BI9 <> BH9BI9_0,BH9,BI9,485.6,13.89,local road
BI0BH0 <> BI0BH0_0,BI0,BH0,485.6,22.22,local road
BI0BH0 <> BI0BH0_1,BI0,BH0,485.6,22.22,local road
BI0BI1 <> BI0BI1_0,BI0,BI1,482.4,13.89,local road
BI0BJ0 <> BI0BJ0_0,BI0,BJ0,485.6,22.22,local road
BI0BJ0 <> BI0BJ0_1,BI0,BJ0,485.6,22.22,local road
BI10BH10 <> BI10BH10_0,BI10,BH10,485.6,22.22,local road
BI10BH10 <> BI10BH10_1,BI10,BH10,485.6,22.22,local road
BI10BI9 <> BI10BI9_0,BI10,BI9,482.4,13.89,local road
BI10BJ10 <> BI10BJ10_0,BI10,BJ10,485.6,22.22,local road
BI10BJ10 <> BI10BJ10_1,BI10,BJ10,485.6,22.22,local road
BI1BH1 <> BI1BH1_0,BI1,BH1,485.6,13.89,local road
BI1BI0 <> BI1BI0_0,BI1,BI0,482.4,13.89,local road
BI1BJ1 <> BI1BJ1_0,BI1,BJ1,485.6,13.89,local road
BI3BH3 <> BI3BH3_0,BI3,BH3,485.6,13.89,local road
BI3BI4 <> BI3BI4_0,BI3,BI4,485.6,13.89,local road
BI3BJ3 <> BI3BJ3_0,BI3,BJ3,485.6,13.89,local road
BI4BH4 <> BI4BH4_0,BI4,BH4,485.6,13.89,local road
BI4BI3 <> BI4BI3_0,BI4,BI3,485.6,13.89,local road
BI4BI5 <> BI4BI5_0,BI4,BI5,482.4,13.89,local road
BI4BJ4 <> BI4BJ4_0,BI4,BJ4,485.6,13.89,local road
BI5BH5 <> BI5BH5_0,BI5,BH5,485.6,22.22,local road
BI5BH5 <> BI5BH5_1,BI5,BH5,485.6,22.22,local road
BI5BI4 <> BI5BI4_0,BI5,BI4,482.4,13.89,local road
BI5BI6 <> BI5BI6_0,BI5,BI6,482.4,13.89,local road
BI5BJ5 <> BI5BJ5_0,BI5,BJ5,485.6,22.22,local road
BI5BJ5 <> BI5BJ5_1,BI5,BJ5,485.6,22.22,local road
BI6BH6 <> BI6BH6_0,BI6,BH6,485.6,13.89,local road
BI6BI5 <> BI6BI5_0,BI6,BI5,482.4,13.89,local road
BI6BI7 <> BI6BI7_0,BI6,BI7,485.6,13.89,local road
BI6BJ6 <> BI6BJ6_0,BI6,BJ6,485.6,13.89,local road
BI7BH7 <> BI7BH7_0,BI7,BH7,485.6,13.89,local road
BI7BI6 <> BI7BI6_0,BI7,BI6,485.6,13.89,local road
BI7BI8 <> BI7BI8_0,BI7,BI8,485.6,13.89,local road
BI7BJ7 <> BI7BJ7_0,BI7,BJ7,485.6,13.89,local road
BI8BH8 <> BI8BH8_0,BI8,BH8,485.6,13.89,local road
BI8BI7 <> BI8BI7_0,BI8,BI7,485.6,13.89,local road
BI8BI9 <> BI8BI9_0,BI8,BI9,485.6,13.89,local road
BI8BJ8 <> BI8BJ8_0,BI8,BJ8,485.6,13.89,local road
BI9BH9 <> BI9BH9_0,BI9,BH9,485.6,13.89,local road
BI9BI10 <> BI9BI10_0,BI9,BI10,482.4,13.89,local road
BI9BI8 <> BI9BI8_0,BI9,BI8,485.6,13.89,local road
BI9BJ9 <> BI9BJ9_0,BI9,BJ9,485.6,13.89,local road
BJ0BI0 <> BJ0BI0_0,BJ0,BI0,485.6,22.22,local road
BJ0BI0 <> BJ0BI0_1,BJ0,BI0,485.6,22.22,local road
BJ0BJ1 <> BJ0BJ1_0,BJ0,BJ1,482.4,13.89,local road
BJ0BK0 <> BJ0BK0_0,BJ0,BK0,486.4,22.22,local road
BJ0BK0 <> BJ0BK0_1,BJ0,BK0,486.4,22.22,local road
BJ10BI10 <> BJ10BI10_0,BJ10,BI10,485.6,22.22,local road
BJ10BI10 <> BJ10BI10_1,BJ10,BI10,485.6,22.22,local road
BJ10BJ9 <> BJ10BJ9_0,BJ10,BJ9,482.4,13.89,local road
BJ10BK10 <> BJ10BK10_0,BJ10,BK10,486.4,22.22,local road
BJ10BK10 <> BJ10BK10_1,BJ10,BK10,486.4,22.22,local road
BJ1BI1 <> BJ1BI1_0,BJ1,BI1,485.6,13.89,local road
BJ1BJ0 <> BJ1BJ0_0,BJ1,BJ0,482.4,13.89,local road
BJ1BJ2 <> BJ1BJ2_0,BJ1,BJ2,485.6,13.89,local road
BJ1BK1 <> BJ1BK1_0,BJ1,BK1,482.4,13.89,local road
BJ2BJ1 <> BJ2BJ1_0,BJ2,BJ1,485.6,13.89,local road
BJ2BJ3 <> BJ2BJ3_0,BJ2,BJ3,485.6,13.89,local road
BJ2BK2 <> BJ2BK2_0,BJ2,BK2,482.4,13.89,local road
BJ3BI3 <> BJ3BI3_0,BJ3,BI3,485.6,13.89,local road
BJ3BJ2 <> BJ3BJ2_0,BJ3,BJ2,485.6,13.89,local road
BJ3BJ4 <> BJ3BJ4_0,BJ3,BJ4,485.6,13.89,local road
BJ3BK3 <> BJ3BK3_0,BJ3,BK3,482.4,13.89,local road
BJ4BI4 <> BJ4BI4_0,BJ4,BI4,485.6,13.89,local road
BJ4BJ3 <> BJ4BJ3_0,BJ4,BJ3,485.6,13.89,local road
BJ4BJ5 <> BJ4BJ5_0,BJ4,BJ5,482.4,13.89,local road
BJ4BK4 <> BJ4BK4_0,BJ4,BK4,482.4,13.89,local road
BJ5BI5 <> BJ5BI5_0,BJ5,BI5,485.6,22.22,local road
BJ5BI5 <> BJ5BI5_1,BJ5,BI5,485.6,22.22,local road
BJ5BJ4 <> BJ5BJ4_0,BJ5,BJ4,482.4,13.89,local road
BJ5BJ6 <> BJ5BJ6_0,BJ5,BJ6,482.4,13.89,local road
BJ5BK5 <> BJ5BK5_0,BJ5,BK5,482.4,22.22,local road
BJ5BK5 <> BJ5BK5_1,BJ5,BK5,482.4,22.22,local road
BJ6BI6 <> BJ6BI6_0,BJ6,BI6,485.6,13.89,local road
BJ6BJ5 <> BJ6BJ5_0,BJ6,BJ5,482.4,13.89,local road
BJ6BJ7 <> BJ6BJ7_0,BJ6,BJ7,485.6,13.89,local road
BJ6BK6 <> BJ6BK6_0,BJ6,BK6,482.4,13.89,local road
BJ7BI7 <> BJ7BI7_0,BJ7,BI7,485.6,13.89,local road
BJ7BJ6 <> BJ7BJ6_0,BJ7,BJ6,485.6,13.89,local road
BJ7BJ8 <> BJ7BJ8_0,BJ7,BJ8,485.6,13.89,local road
BJ7BK7 <> BJ7BK7_0,BJ7,BK7,482.4,13.89,local road
BJ8BI8 <> BJ8BI8_0,BJ8,BI8,485.6,13.89,local road
BJ8BJ7 <> BJ8BJ7_0,BJ8,BJ7,485.6,13.89,local road
BJ8BJ9 <> BJ8BJ9_0,BJ8,BJ9,485.6,13.89,local road
BJ8BK8 <> BJ8BK8_0,BJ8,BK8,482.4,13.89,local road
BJ9BI9 <> BJ9BI9_0,BJ9,BI9,485.6,13.89,local road
BJ9BJ10 <> BJ9BJ10_0,BJ9,BJ10,482.4,13.89,local road
BJ9BJ8 <> BJ9BJ8_0,BJ9,BJ8,485.6,13.89,local road
BJ9BK9 <> BJ9BK9_0,BJ9,BK9,482.4,13.89,local road
BK0BJ0 <> BK0BJ0_0,BK0,BJ0,486.4,22.22,local road
BK0BJ0 <> BK0BJ0_1,BK0,BJ0,486.4,22.22,local road
BK0BK1 <> BK0BK1_0,BK0,BK1,486.4,22.22,local road
BK0BK1 <> BK0BK1_1,BK0,BK1,486.4,22.22,local road
BK10BJ10 <> BK10BJ10_0,BK10,BJ10,486.4,22.22,local road
BK10BJ10 <> BK10BJ10_1,BK10,BJ10,486.4,22.22,local road
BK10BK9 <> BK10BK9_0,BK10,BK9,486.4,22.22,local road
BK10BK9 <> BK10BK9_1,BK10,BK9,486.4,22.22,local road
BK1BJ1 <> BK1BJ1_0,BK1,BJ1,482.4,13.89,local road
BK1BK0 <> BK1BK0_0,BK1,BK0,486.4,22.22,local road
BK1BK0 <> BK1BK0_1,BK1,BK0,486.4,22.22,local road
BK1BK2 <> BK1BK2_0,BK1,BK2,485.6,22.22,local road
BK1BK2 <> BK1BK2_1,BK1,BK2,485.6,22.22,local road
BK2BJ2 <> BK2BJ2_0,BK2,BJ2,482.4,13.89,local road
BK2BK1 <> BK2BK1_0,BK2,BK1,485.6,22.22,local road
BK2BK1 <> BK2BK1_1,BK2,BK1,485.6,22.22,local road
BK2BK3 <> BK2BK3_0,BK2,BK3,485.6,22.22,local road
BK2BK3 <> BK2BK3_1,BK2,BK3,485.6,22.22,local road
BK3BJ3 <> BK3BJ3_0,BK3,BJ3,482.4,13.89,local road
BK3BK2 <> BK3BK2_0,BK3,BK2,485.6,22.22,local road
BK3BK2 <> BK3BK2_1,BK3,BK2,485.6,22.22,local road
BK3BK4 <> BK3BK4_0,BK3,BK4,485.6,22.22,local road
BK3BK4 <> BK3BK4_1,BK3,BK4,485.6,22.22,local road
BK4BJ4 <> BK4BJ4_0,BK4,BJ4,482.4,13.89,local road
BK4BK3 <> BK4BK3_0,BK4,BK3,485.6,22.22,local road
BK4BK3 <> BK4BK3_1,BK4,BK3,485.6,22.22,local road
BK4BK5 <> BK4BK5_0,BK4,BK5,482.4,22.22,local road
BK4BK5 <> BK4BK5_1,BK4,BK5,482.4,22.22,local road
BK5BJ5 <> BK5BJ5_0,BK5,BJ5,482.4,22.22,local road
BK5BJ5 <> BK5BJ5_1,BK5,BJ5,482.4,22.22,local road
BK5BK4 <> BK5BK4_0,BK5,BK4,482.4,22.22,local road
BK5BK4 <> BK5BK4_1,BK5,BK4,482.4,22.22,local road
BK5BK6 <> BK5BK6_0,BK5,BK6,482.4,22.22,local road
BK5BK6 <> BK5BK6_1,BK5,BK6,482.4,22.22,local road
BK6BJ6 <> BK6BJ6_0,BK6,BJ6,482.4,13.89,local road
BK6BK5 <> BK6BK5_0,BK6,BK5,482.4,22.22,local road
BK6BK5 <> BK6BK5_1,BK6,BK5,482.4,22.22,local road
BK6BK7 <> BK6BK7_0,BK6,BK7,485.6,22.22,local road
BK6BK7 <> BK6BK7_1,BK6,BK7,485.6,22.22,local road
BK7BJ7 <> BK7BJ7_0,BK7,BJ7,482.4,13.89,local road
BK7BK6 <> BK7BK6_0,BK7,BK6,485.6,22.22,local road
BK7BK6 <> BK7BK6_1,BK7,BK6,485.6,22.22,local road
BK7BK8 <> BK7BK8_0,BK7,BK8,485.6,22.22,local road
BK7BK8 <> BK7BK8_1,BK7,BK8,485.6,22.22,local road
BK8BJ8 <> BK8BJ8_0,BK8,BJ8,482.4,13.89,local road
BK8BK7 <> BK8BK7_0,BK8,BK7,485.6,22.22,local road
BK8BK7 <> BK8BK7_1,BK8,BK7,485.6,22.22,local road
BK8BK9 <> BK8BK9_0,BK8,BK9,485.6,22.22,local road
BK8BK9 <> BK8BK9_1,BK8,BK9,485.6,22.22,local road
BK9BJ9 <> BK9BJ9_0,BK9,BJ9,482.4,13.89,local road
BK9BK10 <> BK9BK10_0,BK9,BK10,486.4,22.22,local road
BK9BK10 <> BK9BK10_1,BK9,BK10,486.4,22.22,local road
BK9BK8 <> BK9BK8_0,BK9,BK8,485.6,22.22,local road
BK9BK8 <> BK9BK8_1,BK9,BK8,485.6,22.22,local road
E0 <> E0_0,BA0,AX10,2688.07,27.78,highway
E0 <> E0_1,BA0,AX10,2688.07,27.78,highway
E0 <> E0_2,BA0,AX10,2688.07,27.78,highway
E1 <> E1_0,AK0,AN10,2600.82,27.78,highway
E1 <> E1_1,AK0,AN10,2600.82,27.78,highway
E1 <> E1_2,AK0,AN10,2600.82,27.78,highway
E2 <> E2_0,AK5,J0,3927.63,27.78,highway
E2 <> E2_1,AK5,J0,3927.63,27.78,highway
E2 <> E2_2,AK5,J0,3927.63,27.78,highway
E3 <> E3_0,J0,BA5,4024.42,27.78,highway
E3 <> E3_1,J0,BA5,4024.42,27.78,highway
E3 <> E3_2,J0,BA5,4024.42,27.78,highway
E4 <> E4_0,J0,AS10,3727.83,27.78,highway
E4 <> E4_1,J0,AS10,3727.83,27.78,highway
E4 <> E4_2,J0,AS10,3727.83,27.78,highway
E5 <> E5_0,BF0,AX5,6316.34,27.78,highway
E5 <> E5_1,BF0,AX5,6316.34,27.78,highway
E5 <> E5_2,BF0,AX5,6316.34,27.78,highway
E6 <> E6_0,AN5,AF0,6228.45,27.78,highway
E6 <> E6_1,AN5,AF0,6228.45,27.78,highway
E6 <> E6_2,AN5,AF0,6228.45,27.78,highway
