Step Number,Junction ID,Junction Type,X Coordinate,Y Coordinate,Number of Vehicles,Average Speed,Congestion Level,Traffic Light State
0,AA0,priority,0.0,0.0,0,0.0,Low Congestion,N/A
0,AA1,priority,0.0,500.0,0,0.0,Low Congestion,N/A
0,AA10,priority,0.0,5000.0,0,0.0,Low Congestion,N/A
0,AA2,priority,0.0,1000.0,0,0.0,Low Congestion,N/A
0,AA3,priority,0.0,1500.0,0,0.0,Low Congestion,N/A
0,AA4,priority,0.0,2000.0,0,0.0,Low Congestion,N/A
0,AA5,traffic_light,0.0,2500.0,0,0.0,Low Congestion,GGgrrrGGG
0,AA6,priority,0.0,3000.0,0,0.0,Low Congestion,N/A
0,AA7,priority,0.0,3500.0,0,0.0,Low Congestion,N/A
0,AA8,priority,0.0,4000.0,0,0.0,Low Congestion,N/A
0,AA9,priority,0.0,4500.0,0,0.0,Low Congestion,N/A
0,AB0,priority,500.0,0.0,0,0.0,Low Congestion,N/A
0,AB1,priority,500.0,500.0,0,0.0,Low Congestion,N/A
0,AB10,priority,500.0,5000.0,0,0.0,Low Congestion,N/A
0,AB2,priority,500.0,1000.0,0,0.0,Low Congestion,N/A
0,AB3,priority,500.0,1500.0,0,0.0,Low Congestion,N/A
0,AB4,priority,500.0,2000.0,0,0.0,Low Congestion,N/A
0,AB5,priority,500.0,2500.0,0,0.0,Low Congestion,N/A
0,AB6,priority,500.0,3000.0,0,0.0,Low Congestion,N/A
0,AB7,priority,500.0,3500.0,0,0.0,Low Congestion,N/A
0,AB8,priority,500.0,4000.0,0,0.0,Low Congestion,N/A
0,AB9,priority,500.0,4500.0,0,0.0,Low Congestion,N/A
0,AC0,priority,1000.0,0.0,0,0.0,Low Congestion,N/A
0,AC1,priority,1000.0,500.0,0,0.0,Low Congestion,N/A
0,AC10,priority,1000.0,5000.0,0,0.0,Low Congestion,N/A
0,AC2,priority,1000.0,1000.0,0,0.0,Low Congestion,N/A
0,AC3,priority,1000.0,1500.0,0,0.0,Low Congestion,N/A
0,AC4,priority,1000.0,2000.0,0,0.0,Low Congestion,N/A
0,AC5,priority,1000.0,2500.0,0,0.0,Low Congestion,N/A
0,AC6,priority,1000.0,3000.0,0,0.0,Low Congestion,N/A
0,AC7,priority,1000.0,3500.0,0,0.0,Low Congestion,N/A
0,AC8,priority,1000.0,4000.0,0,0.0,Low Congestion,N/A
0,AC9,priority,1000.0,4500.0,0,0.0,Low Congestion,N/A
0,AD0,priority,1500.0,0.0,0,0.0,Low Congestion,N/A
0,AD1,priority,1500.0,500.0,0,0.0,Low Congestion,N/A
0,AD10,priority,1500.0,5000.0,0,0.0,Low Congestion,N/A
0,AD2,priority,1500.0,1000.0,0,0.0,Low Congestion,N/A
0,AD3,priority,1500.0,1500.0,0,0.0,Low Congestion,N/A
0,AD4,priority,1500.0,2000.0,0,0.0,Low Congestion,N/A
0,AD5,priority,1500.0,2500.0,0,0.0,Low Congestion,N/A
0,AD6,priority,1500.0,3000.0,0,0.0,Low Congestion,N/A
0,AD7,priority,1500.0,3500.0,0,0.0,Low Congestion,N/A
0,AD8,priority,1500.0,4000.0,0,0.0,Low Congestion,N/A
0,AD9,priority,1500.0,4500.0,0,0.0,Low Congestion,N/A
0,AE0,priority,2000.0,0.0,0,0.0,Low Congestion,N/A
0,AE1,priority,2000.0,500.0,0,0.0,Low Congestion,N/A
0,AE10,priority,2000.0,5000.0,0,0.0,Low Congestion,N/A
0,AE2,priority,2000.0,1000.0,0,0.0,Low Congestion,N/A
0,AE3,priority,2000.0,1500.0,0,0.0,Low Congestion,N/A
0,AE4,priority,2000.0,2000.0,0,0.0,Low Congestion,N/A
0,AE5,priority,2000.0,2500.0,0,0.0,Low Congestion,N/A
0,AE6,priority,2000.0,3000.0,0,0.0,Low Congestion,N/A
0,AE7,priority,2000.0,3500.0,0,0.0,Low Congestion,N/A
0,AE8,priority,2000.0,4000.0,0,0.0,Low Congestion,N/A
0,AE9,priority,2000.0,4500.0,0,0.0,Low Congestion,N/A
0,AF0,traffic_light,2500.0,0.0,0,0.0,Low Congestion,GGGGrrrrrGGGrrrrr
0,AF1,priority,2500.0,500.0,0,0.0,Low Congestion,N/A
0,AF10,traffic_light,2500.0,5000.0,0,0.0,Low Congestion,GGgrrrGGG
0,AF2,priority,2500.0,1000.0,0,0.0,Low Congestion,N/A
0,AF3,priority,2500.0,1500.0,0,0.0,Low Congestion,N/A
0,AF4,priority,2500.0,2000.0,0,0.0,Low Congestion,N/A
0,AF5,traffic_light,2500.0,2500.0,0,0.0,Low Congestion,GGGgrrrrGGGgrrrr
0,AF6,priority,2500.0,3000.0,0,0.0,Low Congestion,N/A
0,AF7,priority,2500.0,3500.0,0,0.0,Low Congestion,N/A
0,AF8,priority,2500.0,4000.0,0,0.0,Low Congestion,N/A
0,AF9,priority,2500.0,4500.0,0,0.0,Low Congestion,N/A
0,AG0,priority,3000.0,0.0,0,0.0,Low Congestion,N/A
0,AG1,priority,3000.0,500.0,0,0.0,Low Congestion,N/A
0,AG10,priority,3000.0,5000.0,0,0.0,Low Congestion,N/A
0,AG2,priority,3000.0,1000.0,0,0.0,Low Congestion,N/A
0,AG3,priority,3000.0,1500.0,0,0.0,Low Congestion,N/A
0,AG4,priority,3000.0,2000.0,0,0.0,Low Congestion,N/A
0,AG5,priority,3000.0,2500.0,0,0.0,Low Congestion,N/A
0,AG6,priority,3000.0,3000.0,0,0.0,Low Congestion,N/A
0,AG7,priority,3000.0,3500.0,0,0.0,Low Congestion,N/A
0,AG8,priority,3000.0,4000.0,0,0.0,Low Congestion,N/A
0,AG9,priority,3000.0,4500.0,0,0.0,Low Congestion,N/A
0,AH0,priority,3500.0,0.0,0,0.0,Low Congestion,N/A
0,AH1,priority,3500.0,500.0,0,0.0,Low Congestion,N/A
0,AH10,priority,3500.0,5000.0,0,0.0,Low Congestion,N/A
0,AH2,priority,3500.0,1000.0,0,0.0,Low Congestion,N/A
0,AH3,priority,3500.0,1500.0,0,0.0,Low Congestion,N/A
0,AH4,priority,3500.0,2000.0,0,0.0,Low Congestion,N/A
0,AH5,priority,3500.0,2500.0,0,0.0,Low Congestion,N/A
0,AH6,priority,3500.0,3000.0,0,0.0,Low Congestion,N/A
0,AH7,priority,3500.0,3500.0,0,0.0,Low Congestion,N/A
0,AH8,priority,3500.0,4000.0,0,0.0,Low Congestion,N/A
0,AH9,priority,3500.0,4500.0,0,0.0,Low Congestion,N/A
0,AI0,priority,4000.0,0.0,0,0.0,Low Congestion,N/A
0,AI1,priority,4000.0,500.0,0,0.0,Low Congestion,N/A
0,AI10,priority,4000.0,5000.0,0,0.0,Low Congestion,N/A
0,AI2,priority,4000.0,1000.0,0,0.0,Low Congestion,N/A
0,AI3,priority,4000.0,1500.0,0,0.0,Low Congestion,N/A
0,AI4,priority,4000.0,2000.0,0,0.0,Low Congestion,N/A
0,AI5,priority,4000.0,2500.0,0,0.0,Low Congestion,N/A
0,AI6,priority,4000.0,3000.0,0,0.0,Low Congestion,N/A
0,AI7,priority,4000.0,3500.0,0,0.0,Low Congestion,N/A
0,AI8,priority,4000.0,4000.0,0,0.0,Low Congestion,N/A
0,AI9,priority,4000.0,4500.0,0,0.0,Low Congestion,N/A
0,AJ0,priority,4500.0,0.0,0,0.0,Low Congestion,N/A
0,AJ1,priority,4500.0,500.0,0,0.0,Low Congestion,N/A
0,AJ10,priority,4500.0,5000.0,0,0.0,Low Congestion,N/A
0,AJ2,priority,4500.0,1000.0,0,0.0,Low Congestion,N/A
0,AJ3,priority,4500.0,1500.0,0,0.0,Low Congestion,N/A
0,AJ4,priority,4500.0,2000.0,0,0.0,Low Congestion,N/A
0,AJ5,priority,4500.0,2500.0,0,0.0,Low Congestion,N/A
0,AJ6,priority,4500.0,3000.0,0,0.0,Low Congestion,N/A
0,AJ7,priority,4500.0,3500.0,0,0.0,Low Congestion,N/A
0,AJ8,priority,4500.0,4000.0,0,0.0,Low Congestion,N/A
0,AJ9,priority,4500.0,4500.0,0,0.0,Low Congestion,N/A
0,AK0,traffic_light,4743.31,238.25,0,0.0,Low Congestion,GGggrrrGGGG
0,AK1,priority,5000.0,500.0,0,0.0,Low Congestion,N/A
0,AK10,priority,5000.0,5000.0,0,0.0,Low Congestion,N/A
0,AK2,priority,5000.0,1000.0,0,0.0,Low Congestion,N/A
0,AK3,priority,5000.0,1500.0,0,0.0,Low Congestion,N/A
0,AK4,priority,5000.0,2000.0,0,0.0,Low Congestion,N/A
0,AK5,traffic_light,5000.0,2500.0,0,0.0,Low Congestion,rrrrGGGrrrrrGGGGr
0,AK6,priority,5000.0,3000.0,0,0.0,Low Congestion,N/A
0,AK7,priority,5000.0,3500.0,0,0.0,Low Congestion,N/A
0,AK8,priority,5000.0,4000.0,0,0.0,Low Congestion,N/A
0,AK9,priority,5000.0,4500.0,0,0.0,Low Congestion,N/A
0,AN0,priority,6446.06,-6264.96,0,0.0,Low Congestion,N/A
0,AN1,priority,6446.06,-5764.96,0,0.0,Low Congestion,N/A
0,AN10,traffic_light,6687.47,-1521.72,0,0.0,Low Congestion,GGGGGGggrrr
0,AN2,priority,6446.06,-5264.96,0,0.0,Low Congestion,N/A
0,AN3,priority,6446.06,-4764.96,0,0.0,Low Congestion,N/A
0,AN4,priority,6446.06,-4264.96,0,0.0,Low Congestion,N/A
0,AN5,traffic_light,6446.06,-3764.96,0,0.0,Low Congestion,rrrrGGGGrrrrrGGGr
0,AN6,priority,6446.06,-3264.96,0,0.0,Low Congestion,N/A
0,AN7,priority,6446.06,-2764.96,0,0.0,Low Congestion,N/A
0,AN8,priority,6446.06,-2264.96,0,0.0,Low Congestion,N/A
0,AN9,priority,6446.06,-1764.96,0,0.0,Low Congestion,N/A
0,AO0,priority,6946.06,-6264.96,0,0.0,Low Congestion,N/A
0,AO1,priority,6946.06,-5764.96,0,0.0,Low Congestion,N/A
0,AO10,priority,6946.06,-1264.96,0,0.0,Low Congestion,N/A
0,AO2,priority,6946.06,-5264.96,0,0.0,Low Congestion,N/A
0,AO3,priority,6946.06,-4764.96,0,0.0,Low Congestion,N/A
0,AO4,priority,6946.06,-4264.96,0,0.0,Low Congestion,N/A
0,AO5,priority,6946.06,-3764.96,0,0.0,Low Congestion,N/A
0,AO6,priority,6946.06,-3264.96,0,0.0,Low Congestion,N/A
0,AO7,priority,6946.06,-2764.96,0,0.0,Low Congestion,N/A
0,AO8,priority,6946.06,-2264.96,0,0.0,Low Congestion,N/A
0,AO9,priority,6946.06,-1764.96,0,0.0,Low Congestion,N/A
0,AP0,priority,7446.06,-6264.96,0,0.0,Low Congestion,N/A
0,AP1,priority,7446.06,-5764.96,0,0.0,Low Congestion,N/A
0,AP10,priority,7446.06,-1264.96,0,0.0,Low Congestion,N/A
0,AP2,priority,7446.06,-5264.96,0,0.0,Low Congestion,N/A
0,AP3,priority,7446.06,-4764.96,0,0.0,Low Congestion,N/A
0,AP4,priority,7446.06,-4264.96,0,0.0,Low Congestion,N/A
0,AP5,priority,7446.06,-3764.96,0,0.0,Low Congestion,N/A
0,AP6,priority,7446.06,-3264.96,0,0.0,Low Congestion,N/A
0,AP7,priority,7446.06,-2764.96,0,0.0,Low Congestion,N/A
0,AP8,priority,7446.06,-2264.96,0,0.0,Low Congestion,N/A
0,AP9,priority,7446.06,-1764.96,0,0.0,Low Congestion,N/A
0,AQ0,priority,7946.06,-6264.96,0,0.0,Low Congestion,N/A
0,AQ1,priority,7946.06,-5764.96,0,0.0,Low Congestion,N/A
0,AQ10,priority,7946.06,-1264.96,0,0.0,Low Congestion,N/A
0,AQ2,priority,7946.06,-5264.96,0,0.0,Low Congestion,N/A
0,AQ3,priority,7946.06,-4764.96,0,0.0,Low Congestion,N/A
0,AQ4,priority,7946.06,-4264.96,0,0.0,Low Congestion,N/A
0,AQ5,priority,7946.06,-3764.96,0,0.0,Low Congestion,N/A
0,AQ6,priority,7946.06,-3264.96,0,0.0,Low Congestion,N/A
0,AQ7,priority,7946.06,-2764.96,0,0.0,Low Congestion,N/A
0,AQ8,priority,7946.06,-2264.96,0,0.0,Low Congestion,N/A
0,AQ9,priority,7946.06,-1764.96,0,0.0,Low Congestion,N/A
0,AR0,priority,8446.06,-6264.96,0,0.0,Low Congestion,N/A
0,AR1,priority,8446.06,-5764.96,0,0.0,Low Congestion,N/A
0,AR10,priority,8446.06,-1264.96,0,0.0,Low Congestion,N/A
0,AR2,priority,8446.06,-5264.96,0,0.0,Low Congestion,N/A
0,AR3,priority,8446.06,-4764.96,0,0.0,Low Congestion,N/A
0,AR4,priority,8446.06,-4264.96,0,0.0,Low Congestion,N/A
0,AR5,priority,8446.06,-3764.96,0,0.0,Low Congestion,N/A
0,AR6,priority,8446.06,-3264.96,0,0.0,Low Congestion,N/A
0,AR7,priority,8446.06,-2764.96,0,0.0,Low Congestion,N/A
0,AR8,priority,8446.06,-2264.96,0,0.0,Low Congestion,N/A
0,AR9,priority,8446.06,-1764.96,0,0.0,Low Congestion,N/A
0,AS0,traffic_light,8946.06,-6264.96,0,0.0,Low Congestion,rrGGGGGg
0,AS1,priority,8946.06,-5764.96,0,0.0,Low Congestion,N/A
0,AS10,traffic_light,8946.06,-1264.96,0,0.0,Low Congestion,GGGrrrrrGGGGrrrrr
0,AS2,priority,8946.06,-5264.96,0,0.0,Low Congestion,N/A
0,AS3,priority,8946.06,-4764.96,0,0.0,Low Congestion,N/A
0,AS4,priority,8946.06,-4264.96,0,0.0,Low Congestion,N/A
0,AS5,traffic_light,8946.06,-3764.96,0,0.0,Low Congestion,GGGgrrrrGGGgrrrr
0,AS6,priority,8946.06,-3264.96,0,0.0,Low Congestion,N/A
0,AS7,priority,8946.06,-2764.96,0,0.0,Low Congestion,N/A
0,AS8,priority,8946.06,-2264.96,0,0.0,Low Congestion,N/A
0,AS9,priority,8946.06,-1764.96,0,0.0,Low Congestion,N/A
0,AT0,priority,9446.06,-6264.96,0,0.0,Low Congestion,N/A
0,AT1,priority,9446.06,-5764.96,0,0.0,Low Congestion,N/A
0,AT10,priority,9446.06,-1264.96,0,0.0,Low Congestion,N/A
0,AT2,priority,9446.06,-5264.96,0,0.0,Low Congestion,N/A
0,AT3,priority,9446.06,-4764.96,0,0.0,Low Congestion,N/A
0,AT4,priority,9446.06,-4264.96,0,0.0,Low Congestion,N/A
0,AT5,priority,9446.06,-3764.96,0,0.0,Low Congestion,N/A
0,AT6,priority,9446.06,-3264.96,0,0.0,Low Congestion,N/A
0,AT7,priority,9446.06,-2764.96,0,0.0,Low Congestion,N/A
0,AT8,priority,9446.06,-2264.96,0,0.0,Low Congestion,N/A
0,AT9,priority,9446.06,-1764.96,0,0.0,Low Congestion,N/A
0,AU0,priority,9946.06,-6264.96,0,0.0,Low Congestion,N/A
0,AU1,priority,9946.06,-5764.96,0,0.0,Low Congestion,N/A
0,AU10,priority,9946.06,-1264.96,0,0.0,Low Congestion,N/A
0,AU2,priority,9946.06,-5264.96,0,0.0,Low Congestion,N/A
0,AU3,priority,9946.06,-4764.96,0,0.0,Low Congestion,N/A
0,AU4,priority,9946.06,-4264.96,0,0.0,Low Congestion,N/A
0,AU5,priority,9946.06,-3764.96,0,0.0,Low Congestion,N/A
0,AU6,priority,9946.06,-3264.96,0,0.0,Low Congestion,N/A
0,AU7,priority,9946.06,-2764.96,0,0.0,Low Congestion,N/A
0,AU8,priority,9946.06,-2264.96,0,0.0,Low Congestion,N/A
0,AU9,priority,9946.06,-1764.96,0,0.0,Low Congestion,N/A
0,AV0,priority,10446.06,-6264.96,0,0.0,Low Congestion,N/A
0,AV1,priority,10446.06,-5764.96,0,0.0,Low Congestion,N/A
0,AV10,priority,10446.06,-1264.96,0,0.0,Low Congestion,N/A
0,AV2,priority,10446.06,-5264.96,0,0.0,Low Congestion,N/A
0,AV3,priority,10446.06,-4764.96,0,0.0,Low Congestion,N/A
0,AV4,priority,10446.06,-4264.96,0,0.0,Low Congestion,N/A
0,AV5,priority,10446.06,-3764.96,0,0.0,Low Congestion,N/A
0,AV6,priority,10446.06,-3264.96,0,0.0,Low Congestion,N/A
0,AV7,priority,10446.06,-2764.96,0,0.0,Low Congestion,N/A
0,AV8,priority,10446.06,-2264.96,0,0.0,Low Congestion,N/A
0,AV9,priority,10446.06,-1764.96,0,0.0,Low Congestion,N/A
0,AW0,priority,10946.06,-6264.96,0,0.0,Low Congestion,N/A
0,AW1,priority,10946.06,-5764.96,0,0.0,Low Congestion,N/A
0,AW10,priority,10946.06,-1264.96,0,0.0,Low Congestion,N/A
0,AW2,priority,10946.06,-5264.96,0,0.0,Low Congestion,N/A
0,AW3,priority,10946.06,-4764.96,0,0.0,Low Congestion,N/A
0,AW4,priority,10946.06,-4264.96,0,0.0,Low Congestion,N/A
0,AW5,priority,10946.06,-3764.96,0,0.0,Low Congestion,N/A
0,AW6,priority,10946.06,-3264.96,0,0.0,Low Congestion,N/A
0,AW7,priority,10946.06,-2764.96,0,0.0,Low Congestion,N/A
0,AW8,priority,10946.06,-2264.96,0,0.0,Low Congestion,N/A
0,AW9,priority,10946.06,-1764.96,0,0.0,Low Congestion,N/A
0,AX0,priority,11446.06,-6264.96,0,0.0,Low Congestion,N/A
0,AX1,priority,11446.06,-5764.96,0,0.0,Low Congestion,N/A
0,AX10,traffic_light,11193.14,-1518.32,0,0.0,Low Congestion,rrrGGGGGGgg
0,AX2,priority,11446.06,-5264.96,0,0.0,Low Congestion,N/A
0,AX3,priority,11446.06,-4764.96,0,0.0,Low Congestion,N/A
0,AX4,priority,11446.06,-4264.96,0,0.0,Low Congestion,N/A
0,AX5,traffic_light,11446.06,-3764.96,0,0.0,Low Congestion,rrrrGGGrrrrrGGGGr
0,AX6,priority,11446.06,-3264.96,0,0.0,Low Congestion,N/A
0,AX7,priority,11446.06,-2764.96,0,0.0,Low Congestion,N/A
0,AX8,priority,11446.06,-2264.96,0,0.0,Low Congestion,N/A
0,AX9,priority,11446.06,-1764.96,0,0.0,Low Congestion,N/A
0,BA0,traffic_light,13238.99,259.45,0,0.0,Low Congestion,GGggrrrGGGG
0,BA1,priority,13000.0,500.0,0,0.0,Low Congestion,N/A
0,BA10,priority,13000.0,5000.0,0,0.0,Low Congestion,N/A
0,BA2,priority,13000.0,1000.0,0,0.0,Low Congestion,N/A
0,BA3,priority,13000.0,1500.0,0,0.0,Low Congestion,N/A
0,BA4,priority,13000.0,2000.0,0,0.0,Low Congestion,N/A
0,BA5,traffic_light,13000.0,2500.0,0,0.0,Low Congestion,rrrrGGGGrrrrrGGGr
0,BA6,priority,13000.0,3000.0,0,0.0,Low Congestion,N/A
0,BA7,priority,13000.0,3500.0,0,0.0,Low Congestion,N/A
0,BA8,priority,13000.0,4000.0,0,0.0,Low Congestion,N/A
0,BA9,priority,13000.0,4500.0,0,0.0,Low Congestion,N/A
0,BB0,priority,13500.0,0.0,0,0.0,Low Congestion,N/A
0,BB1,priority,13500.0,500.0,0,0.0,Low Congestion,N/A
0,BB10,priority,13500.0,5000.0,0,0.0,Low Congestion,N/A
0,BB2,priority,13500.0,1000.0,0,0.0,Low Congestion,N/A
0,BB3,priority,13500.0,1500.0,0,0.0,Low Congestion,N/A
0,BB4,priority,13500.0,2000.0,0,0.0,Low Congestion,N/A
0,BB5,priority,13500.0,2500.0,0,0.0,Low Congestion,N/A
0,BB6,priority,13500.0,3000.0,0,0.0,Low Congestion,N/A
0,BB7,priority,13500.0,3500.0,0,0.0,Low Congestion,N/A
0,BB8,priority,13500.0,4000.0,0,0.0,Low Congestion,N/A
0,BB9,priority,13500.0,4500.0,0,0.0,Low Congestion,N/A
0,BC0,priority,14000.0,0.0,0,0.0,Low Congestion,N/A
0,BC1,priority,14000.0,500.0,0,0.0,Low Congestion,N/A
0,BC10,priority,14000.0,5000.0,0,0.0,Low Congestion,N/A
0,BC2,priority,14000.0,1000.0,0,0.0,Low Congestion,N/A
0,BC3,priority,14000.0,1500.0,0,0.0,Low Congestion,N/A
0,BC4,priority,14000.0,2000.0,0,0.0,Low Congestion,N/A
0,BC5,priority,14000.0,2500.0,0,0.0,Low Congestion,N/A
0,BC6,priority,14000.0,3000.0,0,0.0,Low Congestion,N/A
0,BC7,priority,14000.0,3500.0,0,0.0,Low Congestion,N/A
0,BC8,priority,14000.0,4000.0,0,0.0,Low Congestion,N/A
0,BC9,priority,14000.0,4500.0,0,0.0,Low Congestion,N/A
0,BD0,priority,14500.0,0.0,0,0.0,Low Congestion,N/A
0,BD1,priority,14500.0,500.0,0,0.0,Low Congestion,N/A
0,BD10,priority,14500.0,5000.0,0,0.0,Low Congestion,N/A
0,BD2,priority,14500.0,1000.0,0,0.0,Low Congestion,N/A
0,BD3,priority,14500.0,1500.0,0,0.0,Low Congestion,N/A
0,BD4,priority,14500.0,2000.0,0,0.0,Low Congestion,N/A
0,BD5,priority,14500.0,2500.0,0,0.0,Low Congestion,N/A
0,BD6,priority,14500.0,3000.0,0,0.0,Low Congestion,N/A
0,BD7,priority,14500.0,3500.0,0,0.0,Low Congestion,N/A
0,BD9,priority,14500.0,4500.0,0,0.0,Low Congestion,N/A
0,BE0,priority,15000.0,0.0,0,0.0,Low Congestion,N/A
0,BE1,priority,15000.0,500.0,0,0.0,Low Congestion,N/A
0,BE10,priority,15000.0,5000.0,0,0.0,Low Congestion,N/A
0,BE2,priority,15000.0,1000.0,0,0.0,Low Congestion,N/A
0,BE3,priority,15000.0,1500.0,0,0.0,Low Congestion,N/A
0,BE4,priority,15000.0,2000.0,0,0.0,Low Congestion,N/A
0,BE5,priority,15000.0,2500.0,0,0.0,Low Congestion,N/A
0,BE6,priority,15000.0,3000.0,0,0.0,Low Congestion,N/A
0,BE7,priority,15000.0,3500.0,0,0.0,Low Congestion,N/A
0,BE8,priority,15000.0,4000.0,0,0.0,Low Congestion,N/A
0,BE9,priority,15000.0,4500.0,0,0.0,Low Congestion,N/A
0,BF0,traffic_light,15500.0,0.0,0,0.0,Low Congestion,GGGGrrrrrGGGrrrrr
0,BF1,priority,15500.0,500.0,0,0.0,Low Congestion,N/A
0,BF10,traffic_light,15500.0,5000.0,0,0.0,Low Congestion,GGgrrGGG
0,BF2,priority,15500.0,1000.0,0,0.0,Low Congestion,N/A
0,BF3,priority,15500.0,1500.0,0,0.0,Low Congestion,N/A
0,BF4,priority,15500.0,2000.0,0,0.0,Low Congestion,N/A
0,BF5,traffic_light,15500.0,2500.0,0,0.0,Low Congestion,GGGgrrrrGGGgrrrr
0,BF6,priority,15500.0,3000.0,0,0.0,Low Congestion,N/A
0,BF7,priority,15500.0,3500.0,0,0.0,Low Congestion,N/A
0,BF8,priority,15500.0,4000.0,0,0.0,Low Congestion,N/A
0,BF9,priority,15500.0,4500.0,0,0.0,Low Congestion,N/A
0,BG0,priority,16000.0,0.0,0,0.0,Low Congestion,N/A
0,BG1,priority,16000.0,500.0,0,0.0,Low Congestion,N/A
0,BG10,priority,16000.0,5000.0,0,0.0,Low Congestion,N/A
0,BG2,priority,16000.0,1000.0,0,0.0,Low Congestion,N/A
0,BG3,priority,16000.0,1500.0,0,0.0,Low Congestion,N/A
0,BG4,priority,16000.0,2000.0,0,0.0,Low Congestion,N/A
0,BG5,priority,16000.0,2500.0,0,0.0,Low Congestion,N/A
0,BG6,priority,16000.0,3000.0,0,0.0,Low Congestion,N/A
0,BG7,priority,16000.0,3500.0,0,0.0,Low Congestion,N/A
0,BG8,priority,16000.0,4000.0,0,0.0,Low Congestion,N/A
0,BG9,priority,16000.0,4500.0,0,0.0,Low Congestion,N/A
0,BH0,priority,16500.0,0.0,0,0.0,Low Congestion,N/A
0,BH1,priority,16500.0,500.0,0,0.0,Low Congestion,N/A
0,BH10,priority,16500.0,5000.0,0,0.0,Low Congestion,N/A
0,BH2,priority,16500.0,1000.0,0,0.0,Low Congestion,N/A
0,BH3,priority,16500.0,1500.0,0,0.0,Low Congestion,N/A
0,BH4,priority,16500.0,2000.0,0,0.0,Low Congestion,N/A
0,BH5,priority,16500.0,2500.0,0,0.0,Low Congestion,N/A
0,BH6,priority,16500.0,3000.0,0,0.0,Low Congestion,N/A
0,BH7,priority,16500.0,3500.0,0,0.0,Low Congestion,N/A
0,BH8,priority,16500.0,4000.0,0,0.0,Low Congestion,N/A
0,BH9,priority,16500.0,4500.0,0,0.0,Low Congestion,N/A
0,BI0,priority,17000.0,0.0,0,0.0,Low Congestion,N/A
0,BI1,priority,17000.0,500.0,0,0.0,Low Congestion,N/A
0,BI10,priority,17000.0,5000.0,0,0.0,Low Congestion,N/A
0,BI3,priority,17000.0,1500.0,0,0.0,Low Congestion,N/A
0,BI4,priority,17000.0,2000.0,0,0.0,Low Congestion,N/A
0,BI5,priority,17000.0,2500.0,0,0.0,Low Congestion,N/A
0,BI6,priority,17000.0,3000.0,0,0.0,Low Congestion,N/A
0,BI7,priority,17000.0,3500.0,0,0.0,Low Congestion,N/A
0,BI8,priority,17000.0,4000.0,0,0.0,Low Congestion,N/A
0,BI9,priority,17000.0,4500.0,0,0.0,Low Congestion,N/A
0,BJ0,priority,17500.0,0.0,0,0.0,Low Congestion,N/A
0,BJ1,priority,17500.0,500.0,0,0.0,Low Congestion,N/A
0,BJ10,priority,17500.0,5000.0,0,0.0,Low Congestion,N/A
0,BJ2,priority,17500.0,1000.0,0,0.0,Low Congestion,N/A
0,BJ3,priority,17500.0,1500.0,0,0.0,Low Congestion,N/A
0,BJ4,priority,17500.0,2000.0,0,0.0,Low Congestion,N/A
0,BJ5,priority,17500.0,2500.0,0,0.0,Low Congestion,N/A
0,BJ6,priority,17500.0,3000.0,0,0.0,Low Congestion,N/A
0,BJ7,priority,17500.0,3500.0,0,0.0,Low Congestion,N/A
0,BJ8,priority,17500.0,4000.0,0,0.0,Low Congestion,N/A
0,BJ9,priority,17500.0,4500.0,0,0.0,Low Congestion,N/A
0,BK0,priority,18000.0,0.0,0,0.0,Low Congestion,N/A
0,BK1,priority,18000.0,500.0,0,0.0,Low Congestion,N/A
0,BK10,priority,18000.0,5000.0,0,0.0,Low Congestion,N/A
0,BK2,priority,18000.0,1000.0,0,0.0,Low Congestion,N/A
0,BK3,priority,18000.0,1500.0,0,0.0,Low Congestion,N/A
0,BK4,priority,18000.0,2000.0,0,0.0,Low Congestion,N/A
0,BK5,traffic_light,18000.0,2500.0,0,0.0,Low Congestion,GGGGGgrr
0,BK6,priority,18000.0,3000.0,0,0.0,Low Congestion,N/A
0,BK7,priority,18000.0,3500.0,0,0.0,Low Congestion,N/A
0,BK8,priority,18000.0,4000.0,0,0.0,Low Congestion,N/A
0,BK9,priority,18000.0,4500.0,0,0.0,Low Congestion,N/A
0,J0,priority,8951.62,2486.86,0,0.0,Low Congestion,N/A
300,AA0,priority,0.0,0.0,0,0.0,Low Congestion,N/A
300,AA1,priority,0.0,500.0,0,0.0,Low Congestion,N/A
300,AA10,priority,0.0,5000.0,0,0.0,Low Congestion,N/A
300,AA2,priority,0.0,1000.0,0,0.0,Low Congestion,N/A
300,AA3,priority,0.0,1500.0,0,0.0,Low Congestion,N/A
300,AA4,priority,0.0,2000.0,0,0.0,Low Congestion,N/A
300,AA5,traffic_light,0.0,2500.0,0,0.0,Low Congestion,GGgrrrGGG
300,AA6,priority,0.0,3000.0,0,0.0,Low Congestion,N/A
300,AA7,priority,0.0,3500.0,0,0.0,Low Congestion,N/A
300,AA8,priority,0.0,4000.0,0,0.0,Low Congestion,N/A
300,AA9,priority,0.0,4500.0,0,0.0,Low Congestion,N/A
300,AB0,priority,500.0,0.0,0,0.0,Low Congestion,N/A
300,AB1,priority,500.0,500.0,0,0.0,Low Congestion,N/A
300,AB10,priority,500.0,5000.0,0,0.0,Low Congestion,N/A
300,AB2,priority,500.0,1000.0,0,0.0,Low Congestion,N/A
300,AB3,priority,500.0,1500.0,0,0.0,Low Congestion,N/A
300,AB4,priority,500.0,2000.0,0,0.0,Low Congestion,N/A
300,AB5,priority,500.0,2500.0,0,0.0,Low Congestion,N/A
300,AB6,priority,500.0,3000.0,0,0.0,Low Congestion,N/A
300,AB7,priority,500.0,3500.0,0,0.0,Low Congestion,N/A
300,AB8,priority,500.0,4000.0,0,0.0,Low Congestion,N/A
300,AB9,priority,500.0,4500.0,0,0.0,Low Congestion,N/A
300,AC0,priority,1000.0,0.0,0,0.0,Low Congestion,N/A
300,AC1,priority,1000.0,500.0,0,0.0,Low Congestion,N/A
300,AC10,priority,1000.0,5000.0,0,0.0,Low Congestion,N/A
300,AC2,priority,1000.0,1000.0,0,0.0,Low Congestion,N/A
300,AC3,priority,1000.0,1500.0,0,0.0,Low Congestion,N/A
300,AC4,priority,1000.0,2000.0,0,0.0,Low Congestion,N/A
300,AC5,priority,1000.0,2500.0,0,0.0,Low Congestion,N/A
300,AC6,priority,1000.0,3000.0,0,0.0,Low Congestion,N/A
300,AC7,priority,1000.0,3500.0,0,0.0,Low Congestion,N/A
300,AC8,priority,1000.0,4000.0,0,0.0,Low Congestion,N/A
300,AC9,priority,1000.0,4500.0,0,0.0,Low Congestion,N/A
300,AD0,priority,1500.0,0.0,0,0.0,Low Congestion,N/A
300,AD1,priority,1500.0,500.0,0,0.0,Low Congestion,N/A
300,AD10,priority,1500.0,5000.0,0,0.0,Low Congestion,N/A
300,AD2,priority,1500.0,1000.0,0,0.0,Low Congestion,N/A
300,AD3,priority,1500.0,1500.0,0,0.0,Low Congestion,N/A
300,AD4,priority,1500.0,2000.0,0,0.0,Low Congestion,N/A
300,AD5,priority,1500.0,2500.0,0,0.0,Low Congestion,N/A
300,AD6,priority,1500.0,3000.0,0,0.0,Low Congestion,N/A
300,AD7,priority,1500.0,3500.0,0,0.0,Low Congestion,N/A
300,AD8,priority,1500.0,4000.0,0,0.0,Low Congestion,N/A
300,AD9,priority,1500.0,4500.0,0,0.0,Low Congestion,N/A
300,AE0,priority,2000.0,0.0,0,0.0,Low Congestion,N/A
300,AE1,priority,2000.0,500.0,0,0.0,Low Congestion,N/A
300,AE10,priority,2000.0,5000.0,0,0.0,Low Congestion,N/A
300,AE2,priority,2000.0,1000.0,0,0.0,Low Congestion,N/A
300,AE3,priority,2000.0,1500.0,0,0.0,Low Congestion,N/A
300,AE4,priority,2000.0,2000.0,0,0.0,Low Congestion,N/A
300,AE5,priority,2000.0,2500.0,0,0.0,Low Congestion,N/A
300,AE6,priority,2000.0,3000.0,0,0.0,Low Congestion,N/A
300,AE7,priority,2000.0,3500.0,0,0.0,Low Congestion,N/A
300,AE8,priority,2000.0,4000.0,0,0.0,Low Congestion,N/A
300,AE9,priority,2000.0,4500.0,0,0.0,Low Congestion,N/A
300,AF0,traffic_light,2500.0,0.0,0,0.0,Low Congestion,GGGGrrrrrGGGrrrrr
300,AF1,priority,2500.0,500.0,0,0.0,Low Congestion,N/A
300,AF10,traffic_light,2500.0,5000.0,0,0.0,Low Congestion,GGgrrrGGG
300,AF2,priority,2500.0,1000.0,0,0.0,Low Congestion,N/A
300,AF3,priority,2500.0,1500.0,0,0.0,Low Congestion,N/A
300,AF4,priority,2500.0,2000.0,0,0.0,Low Congestion,N/A
300,AF5,traffic_light,2500.0,2500.0,0,0.0,Low Congestion,GGGgrrrrGGGgrrrr
300,AF6,priority,2500.0,3000.0,0,0.0,Low Congestion,N/A
300,AF7,priority,2500.0,3500.0,0,0.0,Low Congestion,N/A
300,AF8,priority,2500.0,4000.0,0,0.0,Low Congestion,N/A
300,AF9,priority,2500.0,4500.0,0,0.0,Low Congestion,N/A
300,AG0,priority,3000.0,0.0,0,0.0,Low Congestion,N/A
300,AG1,priority,3000.0,500.0,0,0.0,Low Congestion,N/A
300,AG10,priority,3000.0,5000.0,0,0.0,Low Congestion,N/A
300,AG2,priority,3000.0,1000.0,0,0.0,Low Congestion,N/A
300,AG3,priority,3000.0,1500.0,0,0.0,Low Congestion,N/A
300,AG4,priority,3000.0,2000.0,0,0.0,Low Congestion,N/A
300,AG5,priority,3000.0,2500.0,0,0.0,Low Congestion,N/A
300,AG6,priority,3000.0,3000.0,0,0.0,Low Congestion,N/A
300,AG7,priority,3000.0,3500.0,0,0.0,Low Congestion,N/A
300,AG8,priority,3000.0,4000.0,0,0.0,Low Congestion,N/A
300,AG9,priority,3000.0,4500.0,0,0.0,Low Congestion,N/A
300,AH0,priority,3500.0,0.0,0,0.0,Low Congestion,N/A
300,AH1,priority,3500.0,500.0,0,0.0,Low Congestion,N/A
300,AH10,priority,3500.0,5000.0,0,0.0,Low Congestion,N/A
300,AH2,priority,3500.0,1000.0,0,0.0,Low Congestion,N/A
300,AH3,priority,3500.0,1500.0,0,0.0,Low Congestion,N/A
300,AH4,priority,3500.0,2000.0,0,0.0,Low Congestion,N/A
300,AH5,priority,3500.0,2500.0,0,0.0,Low Congestion,N/A
300,AH6,priority,3500.0,3000.0,0,0.0,Low Congestion,N/A
300,AH7,priority,3500.0,3500.0,0,0.0,Low Congestion,N/A
300,AH8,priority,3500.0,4000.0,0,0.0,Low Congestion,N/A
300,AH9,priority,3500.0,4500.0,0,0.0,Low Congestion,N/A
300,AI0,priority,4000.0,0.0,0,0.0,Low Congestion,N/A
300,AI1,priority,4000.0,500.0,0,0.0,Low Congestion,N/A
300,AI10,priority,4000.0,5000.0,0,0.0,Low Congestion,N/A
300,AI2,priority,4000.0,1000.0,0,0.0,Low Congestion,N/A
300,AI3,priority,4000.0,1500.0,0,0.0,Low Congestion,N/A
300,AI4,priority,4000.0,2000.0,0,0.0,Low Congestion,N/A
300,AI5,priority,4000.0,2500.0,0,0.0,Low Congestion,N/A
300,AI6,priority,4000.0,3000.0,0,0.0,Low Congestion,N/A
300,AI7,priority,4000.0,3500.0,0,0.0,Low Congestion,N/A
300,AI8,priority,4000.0,4000.0,0,0.0,Low Congestion,N/A
300,AI9,priority,4000.0,4500.0,0,0.0,Low Congestion,N/A
300,AJ0,priority,4500.0,0.0,0,0.0,Low Congestion,N/A
300,AJ1,priority,4500.0,500.0,0,0.0,Low Congestion,N/A
300,AJ10,priority,4500.0,5000.0,0,0.0,Low Congestion,N/A
300,AJ2,priority,4500.0,1000.0,0,0.0,Low Congestion,N/A
300,AJ3,priority,4500.0,1500.0,0,0.0,Low Congestion,N/A
300,AJ4,priority,4500.0,2000.0,0,0.0,Low Congestion,N/A
300,AJ5,priority,4500.0,2500.0,0,0.0,Low Congestion,N/A
300,AJ6,priority,4500.0,3000.0,0,0.0,Low Congestion,N/A
300,AJ7,priority,4500.0,3500.0,0,0.0,Low Congestion,N/A
300,AJ8,priority,4500.0,4000.0,0,0.0,Low Congestion,N/A
300,AJ9,priority,4500.0,4500.0,0,0.0,Low Congestion,N/A
300,AK0,traffic_light,4743.31,238.25,0,0.0,Low Congestion,GGggrrrGGGG
300,AK1,priority,5000.0,500.0,0,0.0,Low Congestion,N/A
300,AK10,priority,5000.0,5000.0,0,0.0,Low Congestion,N/A
300,AK2,priority,5000.0,1000.0,0,0.0,Low Congestion,N/A
300,AK3,priority,5000.0,1500.0,0,0.0,Low Congestion,N/A
300,AK4,priority,5000.0,2000.0,1,1.728,High Congestion,N/A
300,AK5,traffic_light,5000.0,2500.0,0,0.0,Low Congestion,rrrrGGGrrrrrGGGGr
300,AK6,priority,5000.0,3000.0,0,0.0,Low Congestion,N/A
300,AK7,priority,5000.0,3500.0,0,0.0,Low Congestion,N/A
300,AK8,priority,5000.0,4000.0,0,0.0,Low Congestion,N/A
300,AK9,priority,5000.0,4500.0,0,0.0,Low Congestion,N/A
300,AN0,priority,6446.06,-6264.96,0,0.0,Low Congestion,N/A
300,AN1,priority,6446.06,-5764.96,0,0.0,Low Congestion,N/A
300,AN10,traffic_light,6687.47,-1521.72,0,0.0,Low Congestion,GGGGGGggrrr
300,AN2,priority,6446.06,-5264.96,0,0.0,Low Congestion,N/A
300,AN3,priority,6446.06,-4764.96,0,0.0,Low Congestion,N/A
300,AN4,priority,6446.06,-4264.96,0,0.0,Low Congestion,N/A
300,AN5,traffic_light,6446.06,-3764.96,0,0.0,Low Congestion,rrrrGGGGrrrrrGGGr
300,AN6,priority,6446.06,-3264.96,0,0.0,Low Congestion,N/A
300,AN7,priority,6446.06,-2764.96,0,0.0,Low Congestion,N/A
300,AN8,priority,6446.06,-2264.96,0,0.0,Low Congestion,N/A
300,AN9,priority,6446.06,-1764.96,0,0.0,Low Congestion,N/A
300,AO0,priority,6946.06,-6264.96,0,0.0,Low Congestion,N/A
300,AO1,priority,6946.06,-5764.96,0,0.0,Low Congestion,N/A
300,AO10,priority,6946.06,-1264.96,0,0.0,Low Congestion,N/A
300,AO2,priority,6946.06,-5264.96,0,0.0,Low Congestion,N/A
300,AO3,priority,6946.06,-4764.96,0,0.0,Low Congestion,N/A
300,AO4,priority,6946.06,-4264.96,0,0.0,Low Congestion,N/A
300,AO5,priority,6946.06,-3764.96,0,0.0,Low Congestion,N/A
300,AO6,priority,6946.06,-3264.96,0,0.0,Low Congestion,N/A
300,AO7,priority,6946.06,-2764.96,0,0.0,Low Congestion,N/A
300,AO8,priority,6946.06,-2264.96,0,0.0,Low Congestion,N/A
300,AO9,priority,6946.06,-1764.96,0,0.0,Low Congestion,N/A
300,AP0,priority,7446.06,-6264.96,0,0.0,Low Congestion,N/A
300,AP1,priority,7446.06,-5764.96,0,0.0,Low Congestion,N/A
300,AP10,priority,7446.06,-1264.96,0,0.0,Low Congestion,N/A
300,AP2,priority,7446.06,-5264.96,0,0.0,Low Congestion,N/A
300,AP3,priority,7446.06,-4764.96,0,0.0,Low Congestion,N/A
300,AP4,priority,7446.06,-4264.96,0,0.0,Low Congestion,N/A
300,AP5,priority,7446.06,-3764.96,0,0.0,Low Congestion,N/A
300,AP6,priority,7446.06,-3264.96,0,0.0,Low Congestion,N/A
300,AP7,priority,7446.06,-2764.96,0,0.0,Low Congestion,N/A
300,AP8,priority,7446.06,-2264.96,0,0.0,Low Congestion,N/A
300,AP9,priority,7446.06,-1764.96,0,0.0,Low Congestion,N/A
300,AQ0,priority,7946.06,-6264.96,0,0.0,Low Congestion,N/A
300,AQ1,priority,7946.06,-5764.96,0,0.0,Low Congestion,N/A
300,AQ10,priority,7946.06,-1264.96,0,0.0,Low Congestion,N/A
300,AQ2,priority,7946.06,-5264.96,0,0.0,Low Congestion,N/A
300,AQ3,priority,7946.06,-4764.96,0,0.0,Low Congestion,N/A
300,AQ4,priority,7946.06,-4264.96,0,0.0,Low Congestion,N/A
300,AQ5,priority,7946.06,-3764.96,0,0.0,Low Congestion,N/A
300,AQ6,priority,7946.06,-3264.96,0,0.0,Low Congestion,N/A
300,AQ7,priority,7946.06,-2764.96,0,0.0,Low Congestion,N/A
300,AQ8,priority,7946.06,-2264.96,0,0.0,Low Congestion,N/A
300,AQ9,priority,7946.06,-1764.96,0,0.0,Low Congestion,N/A
300,AR0,priority,8446.06,-6264.96,0,0.0,Low Congestion,N/A
300,AR1,priority,8446.06,-5764.96,0,0.0,Low Congestion,N/A
300,AR10,priority,8446.06,-1264.96,0,0.0,Low Congestion,N/A
300,AR2,priority,8446.06,-5264.96,0,0.0,Low Congestion,N/A
300,AR3,priority,8446.06,-4764.96,0,0.0,Low Congestion,N/A
300,AR4,priority,8446.06,-4264.96,0,0.0,Low Congestion,N/A
300,AR5,priority,8446.06,-3764.96,0,0.0,Low Congestion,N/A
300,AR6,priority,8446.06,-3264.96,0,0.0,Low Congestion,N/A
300,AR7,priority,8446.06,-2764.96,0,0.0,Low Congestion,N/A
300,AR8,priority,8446.06,-2264.96,0,0.0,Low Congestion,N/A
300,AR9,priority,8446.06,-1764.96,0,0.0,Low Congestion,N/A
300,AS0,traffic_light,8946.06,-6264.96,0,0.0,Low Congestion,rrGGGGGg
300,AS1,priority,8946.06,-5764.96,0,0.0,Low Congestion,N/A
300,AS10,traffic_light,8946.06,-1264.96,0,0.0,Low Congestion,GGGrrrrrGGGGrrrrr
300,AS2,priority,8946.06,-5264.96,0,0.0,Low Congestion,N/A
300,AS3,priority,8946.06,-4764.96,0,0.0,Low Congestion,N/A
300,AS4,priority,8946.06,-4264.96,0,0.0,Low Congestion,N/A
300,AS5,traffic_light,8946.06,-3764.96,0,0.0,Low Congestion,GGGgrrrrGGGgrrrr
300,AS6,priority,8946.06,-3264.96,0,0.0,Low Congestion,N/A
300,AS7,priority,8946.06,-2764.96,0,0.0,Low Congestion,N/A
300,AS8,priority,8946.06,-2264.96,0,0.0,Low Congestion,N/A
300,AS9,priority,8946.06,-1764.96,0,0.0,Low Congestion,N/A
300,AT0,priority,9446.06,-6264.96,0,0.0,Low Congestion,N/A
300,AT1,priority,9446.06,-5764.96,0,0.0,Low Congestion,N/A
300,AT10,priority,9446.06,-1264.96,0,0.0,Low Congestion,N/A
300,AT2,priority,9446.06,-5264.96,0,0.0,Low Congestion,N/A
300,AT3,priority,9446.06,-4764.96,0,0.0,Low Congestion,N/A
300,AT4,priority,9446.06,-4264.96,0,0.0,Low Congestion,N/A
300,AT5,priority,9446.06,-3764.96,0,0.0,Low Congestion,N/A
300,AT6,priority,9446.06,-3264.96,0,0.0,Low Congestion,N/A
300,AT7,priority,9446.06,-2764.96,0,0.0,Low Congestion,N/A
300,AT8,priority,9446.06,-2264.96,0,0.0,Low Congestion,N/A
300,AT9,priority,9446.06,-1764.96,0,0.0,Low Congestion,N/A
300,AU0,priority,9946.06,-6264.96,0,0.0,Low Congestion,N/A
300,AU1,priority,9946.06,-5764.96,0,0.0,Low Congestion,N/A
300,AU10,priority,9946.06,-1264.96,0,0.0,Low Congestion,N/A
300,AU2,priority,9946.06,-5264.96,0,0.0,Low Congestion,N/A
300,AU3,priority,9946.06,-4764.96,0,0.0,Low Congestion,N/A
300,AU4,priority,9946.06,-4264.96,0,0.0,Low Congestion,N/A
300,AU5,priority,9946.06,-3764.96,0,0.0,Low Congestion,N/A
300,AU6,priority,9946.06,-3264.96,0,0.0,Low Congestion,N/A
300,AU7,priority,9946.06,-2764.96,0,0.0,Low Congestion,N/A
300,AU8,priority,9946.06,-2264.96,0,0.0,Low Congestion,N/A
300,AU9,priority,9946.06,-1764.96,0,0.0,Low Congestion,N/A
300,AV0,priority,10446.06,-6264.96,0,0.0,Low Congestion,N/A
300,AV1,priority,10446.06,-5764.96,0,0.0,Low Congestion,N/A
300,AV10,priority,10446.06,-1264.96,0,0.0,Low Congestion,N/A
300,AV2,priority,10446.06,-5264.96,0,0.0,Low Congestion,N/A
300,AV3,priority,10446.06,-4764.96,0,0.0,Low Congestion,N/A
300,AV4,priority,10446.06,-4264.96,0,0.0,Low Congestion,N/A
300,AV5,priority,10446.06,-3764.96,0,0.0,Low Congestion,N/A
300,AV6,priority,10446.06,-3264.96,0,0.0,Low Congestion,N/A
300,AV7,priority,10446.06,-2764.96,0,0.0,Low Congestion,N/A
300,AV8,priority,10446.06,-2264.96,1,2.126,High Congestion,N/A
300,AV9,priority,10446.06,-1764.96,0,0.0,Low Congestion,N/A
300,AW0,priority,10946.06,-6264.96,0,0.0,Low Congestion,N/A
300,AW1,priority,10946.06,-5764.96,0,0.0,Low Congestion,N/A
300,AW10,priority,10946.06,-1264.96,0,0.0,Low Congestion,N/A
300,AW2,priority,10946.06,-5264.96,0,0.0,Low Congestion,N/A
300,AW3,priority,10946.06,-4764.96,0,0.0,Low Congestion,N/A
300,AW4,priority,10946.06,-4264.96,0,0.0,Low Congestion,N/A
300,AW5,priority,10946.06,-3764.96,0,0.0,Low Congestion,N/A
300,AW6,priority,10946.06,-3264.96,0,0.0,Low Congestion,N/A
300,AW7,priority,10946.06,-2764.96,0,0.0,Low Congestion,N/A
300,AW8,priority,10946.06,-2264.96,0,0.0,Low Congestion,N/A
300,AW9,priority,10946.06,-1764.96,0,0.0,Low Congestion,N/A
300,AX0,priority,11446.06,-6264.96,0,0.0,Low Congestion,N/A
300,AX1,priority,11446.06,-5764.96,0,0.0,Low Congestion,N/A
300,AX10,traffic_light,11193.14,-1518.32,0,0.0,Low Congestion,rrrGGGGGGgg
300,AX2,priority,11446.06,-5264.96,0,0.0,Low Congestion,N/A
300,AX3,priority,11446.06,-4764.96,0,0.0,Low Congestion,N/A
300,AX4,priority,11446.06,-4264.96,0,0.0,Low Congestion,N/A
300,AX5,traffic_light,11446.06,-3764.96,0,0.0,Low Congestion,rrrrGGGrrrrrGGGGr
300,AX6,priority,11446.06,-3264.96,0,0.0,Low Congestion,N/A
300,AX7,priority,11446.06,-2764.96,0,0.0,Low Congestion,N/A
300,AX8,priority,11446.06,-2264.96,0,0.0,Low Congestion,N/A
300,AX9,priority,11446.06,-1764.96,0,0.0,Low Congestion,N/A
300,BA0,traffic_light,13238.99,259.45,0,0.0,Low Congestion,GGggrrrGGGG
300,BA1,priority,13000.0,500.0,0,0.0,Low Congestion,N/A
300,BA10,priority,13000.0,5000.0,0,0.0,Low Congestion,N/A
300,BA2,priority,13000.0,1000.0,0,0.0,Low Congestion,N/A
300,BA3,priority,13000.0,1500.0,0,0.0,Low Congestion,N/A
300,BA4,priority,13000.0,2000.0,0,0.0,Low Congestion,N/A
300,BA5,traffic_light,13000.0,2500.0,0,0.0,Low Congestion,rrrrGGGGrrrrrGGGr
300,BA6,priority,13000.0,3000.0,0,0.0,Low Congestion,N/A
300,BA7,priority,13000.0,3500.0,0,0.0,Low Congestion,N/A
300,BA8,priority,13000.0,4000.0,0,0.0,Low Congestion,N/A
300,BA9,priority,13000.0,4500.0,0,0.0,Low Congestion,N/A
300,BB0,priority,13500.0,0.0,0,0.0,Low Congestion,N/A
300,BB1,priority,13500.0,500.0,0,0.0,Low Congestion,N/A
300,BB10,priority,13500.0,5000.0,0,0.0,Low Congestion,N/A
300,BB2,priority,13500.0,1000.0,0,0.0,Low Congestion,N/A
300,BB3,priority,13500.0,1500.0,0,0.0,Low Congestion,N/A
300,BB4,priority,13500.0,2000.0,0,0.0,Low Congestion,N/A
300,BB5,priority,13500.0,2500.0,0,0.0,Low Congestion,N/A
300,BB6,priority,13500.0,3000.0,0,0.0,Low Congestion,N/A
300,BB7,priority,13500.0,3500.0,0,0.0,Low Congestion,N/A
300,BB8,priority,13500.0,4000.0,0,0.0,Low Congestion,N/A
300,BB9,priority,13500.0,4500.0,0,0.0,Low Congestion,N/A
300,BC0,priority,14000.0,0.0,0,0.0,Low Congestion,N/A
300,BC1,priority,14000.0,500.0,0,0.0,Low Congestion,N/A
300,BC10,priority,14000.0,5000.0,0,0.0,Low Congestion,N/A
300,BC2,priority,14000.0,1000.0,0,0.0,Low Congestion,N/A
300,BC3,priority,14000.0,1500.0,0,0.0,Low Congestion,N/A
300,BC4,priority,14000.0,2000.0,0,0.0,Low Congestion,N/A
300,BC5,priority,14000.0,2500.0,0,0.0,Low Congestion,N/A
300,BC6,priority,14000.0,3000.0,0,0.0,Low Congestion,N/A
300,BC7,priority,14000.0,3500.0,0,0.0,Low Congestion,N/A
300,BC8,priority,14000.0,4000.0,0,0.0,Low Congestion,N/A
300,BC9,priority,14000.0,4500.0,0,0.0,Low Congestion,N/A
300,BD0,priority,14500.0,0.0,0,0.0,Low Congestion,N/A
300,BD1,priority,14500.0,500.0,0,0.0,Low Congestion,N/A
300,BD10,priority,14500.0,5000.0,0,0.0,Low Congestion,N/A
300,BD2,priority,14500.0,1000.0,0,0.0,Low Congestion,N/A
300,BD3,priority,14500.0,1500.0,0,0.0,Low Congestion,N/A
300,BD4,priority,14500.0,2000.0,0,0.0,Low Congestion,N/A
300,BD5,priority,14500.0,2500.0,0,0.0,Low Congestion,N/A
300,BD6,priority,14500.0,3000.0,0,0.0,Low Congestion,N/A
300,BD7,priority,14500.0,3500.0,0,0.0,Low Congestion,N/A
300,BD9,priority,14500.0,4500.0,0,0.0,Low Congestion,N/A
300,BE0,priority,15000.0,0.0,0,0.0,Low Congestion,N/A
300,BE1,priority,15000.0,500.0,0,0.0,Low Congestion,N/A
300,BE10,priority,15000.0,5000.0,0,0.0,Low Congestion,N/A
300,BE2,priority,15000.0,1000.0,0,0.0,Low Congestion,N/A
300,BE3,priority,15000.0,1500.0,0,0.0,Low Congestion,N/A
300,BE4,priority,15000.0,2000.0,0,0.0,Low Congestion,N/A
300,BE5,priority,15000.0,2500.0,0,0.0,Low Congestion,N/A
300,BE6,priority,15000.0,3000.0,1,1.442,High Congestion,N/A
300,BE7,priority,15000.0,3500.0,0,0.0,Low Congestion,N/A
300,BE8,priority,15000.0,4000.0,0,0.0,Low Congestion,N/A
300,BE9,priority,15000.0,4500.0,0,0.0,Low Congestion,N/A
300,BF0,traffic_light,15500.0,0.0,0,0.0,Low Congestion,GGGGrrrrrGGGrrrrr
300,BF1,priority,15500.0,500.0,0,0.0,Low Congestion,N/A
300,BF10,traffic_light,15500.0,5000.0,0,0.0,Low Congestion,GGgrrGGG
300,BF2,priority,15500.0,1000.0,0,0.0,Low Congestion,N/A
300,BF3,priority,15500.0,1500.0,0,0.0,Low Congestion,N/A
300,BF4,priority,15500.0,2000.0,0,0.0,Low Congestion,N/A
300,BF5,traffic_light,15500.0,2500.0,0,0.0,Low Congestion,GGGgrrrrGGGgrrrr
300,BF6,priority,15500.0,3000.0,0,0.0,Low Congestion,N/A
300,BF7,priority,15500.0,3500.0,0,0.0,Low Congestion,N/A
300,BF8,priority,15500.0,4000.0,0,0.0,Low Congestion,N/A
300,BF9,priority,15500.0,4500.0,0,0.0,Low Congestion,N/A
300,BG0,priority,16000.0,0.0,0,0.0,Low Congestion,N/A
300,BG1,priority,16000.0,500.0,0,0.0,Low Congestion,N/A
300,BG10,priority,16000.0,5000.0,0,0.0,Low Congestion,N/A
300,BG2,priority,16000.0,1000.0,0,0.0,Low Congestion,N/A
300,BG3,priority,16000.0,1500.0,0,0.0,Low Congestion,N/A
300,BG4,priority,16000.0,2000.0,0,0.0,Low Congestion,N/A
300,BG5,priority,16000.0,2500.0,0,0.0,Low Congestion,N/A
300,BG6,priority,16000.0,3000.0,0,0.0,Low Congestion,N/A
300,BG7,priority,16000.0,3500.0,0,0.0,Low Congestion,N/A
300,BG8,priority,16000.0,4000.0,0,0.0,Low Congestion,N/A
300,BG9,priority,16000.0,4500.0,0,0.0,Low Congestion,N/A
300,BH0,priority,16500.0,0.0,0,0.0,Low Congestion,N/A
300,BH1,priority,16500.0,500.0,0,0.0,Low Congestion,N/A
300,BH10,priority,16500.0,5000.0,0,0.0,Low Congestion,N/A
300,BH2,priority,16500.0,1000.0,0,0.0,Low Congestion,N/A
300,BH3,priority,16500.0,1500.0,0,0.0,Low Congestion,N/A
300,BH4,priority,16500.0,2000.0,0,0.0,Low Congestion,N/A
300,BH5,priority,16500.0,2500.0,0,0.0,Low Congestion,N/A
300,BH6,priority,16500.0,3000.0,0,0.0,Low Congestion,N/A
300,BH7,priority,16500.0,3500.0,0,0.0,Low Congestion,N/A
300,BH8,priority,16500.0,4000.0,0,0.0,Low Congestion,N/A
300,BH9,priority,16500.0,4500.0,0,0.0,Low Congestion,N/A
300,BI0,priority,17000.0,0.0,0,0.0,Low Congestion,N/A
300,BI1,priority,17000.0,500.0,0,0.0,Low Congestion,N/A
300,BI10,priority,17000.0,5000.0,0,0.0,Low Congestion,N/A
300,BI3,priority,17000.0,1500.0,0,0.0,Low Congestion,N/A
300,BI4,priority,17000.0,2000.0,0,0.0,Low Congestion,N/A
300,BI5,priority,17000.0,2500.0,0,0.0,Low Congestion,N/A
300,BI6,priority,17000.0,3000.0,0,0.0,Low Congestion,N/A
300,BI7,priority,17000.0,3500.0,0,0.0,Low Congestion,N/A
300,BI8,priority,17000.0,4000.0,0,0.0,Low Congestion,N/A
300,BI9,priority,17000.0,4500.0,0,0.0,Low Congestion,N/A
300,BJ0,priority,17500.0,0.0,0,0.0,Low Congestion,N/A
300,BJ1,priority,17500.0,500.0,0,0.0,Low Congestion,N/A
300,BJ10,priority,17500.0,5000.0,0,0.0,Low Congestion,N/A
300,BJ2,priority,17500.0,1000.0,0,0.0,Low Congestion,N/A
300,BJ3,priority,17500.0,1500.0,0,0.0,Low Congestion,N/A
300,BJ4,priority,17500.0,2000.0,0,0.0,Low Congestion,N/A
300,BJ5,priority,17500.0,2500.0,0,0.0,Low Congestion,N/A
300,BJ6,priority,17500.0,3000.0,0,0.0,Low Congestion,N/A
300,BJ7,priority,17500.0,3500.0,0,0.0,Low Congestion,N/A
300,BJ8,priority,17500.0,4000.0,1,2.03,High Congestion,N/A
300,BJ9,priority,17500.0,4500.0,0,0.0,Low Congestion,N/A
300,BK0,priority,18000.0,0.0,0,0.0,Low Congestion,N/A
300,BK1,priority,18000.0,500.0,1,2.414,High Congestion,N/A
300,BK10,priority,18000.0,5000.0,0,0.0,Low Congestion,N/A
300,BK2,priority,18000.0,1000.0,0,0.0,Low Congestion,N/A
300,BK3,priority,18000.0,1500.0,0,0.0,Low Congestion,N/A
300,BK4,priority,18000.0,2000.0,0,0.0,Low Congestion,N/A
300,BK5,traffic_light,18000.0,2500.0,0,0.0,Low Congestion,GGGGGgrr
300,BK6,priority,18000.0,3000.0,0,0.0,Low Congestion,N/A
300,BK7,priority,18000.0,3500.0,0,0.0,Low Congestion,N/A
300,BK8,priority,18000.0,4000.0,0,0.0,Low Congestion,N/A
300,BK9,priority,18000.0,4500.0,0,0.0,Low Congestion,N/A
300,J0,priority,8951.62,2486.86,0,0.0,Low Congestion,N/A
